employee_id,stadtteil_name,home_lat,home_lon,population_density,residential_score,transport_score,distance_to_company_km,distance_to_station,pt_access_score,nearest_station_id,walking_distance,driving_time_minutes,transit_time_minutes,transit_transfers,commute_group,time_score,convenience_score,access_score,adoption_score,ticket_recommendation
1,Harburg,53.45653299999999,9.981575,5200,1.0,0.7826,27.91,249.8,0.7318,344502380.0,249.8,42.0,101.0,3.0,>60 min,0.2454,0.106,0.7318,0.4034,Optional
2,Barmbek-Nord,53.602737,10.048606,5600,1.0,0.7826,11.99,259.3,0.7232,5211071141.0,259.3,26.0,61.0,2.0,>60 min,0.2602,0.2578,0.7232,0.4589,Recommend Deutschlandticket
3,Lohbrügge,53.509415,10.18526,3200,1.0,0.3478,25.08,61.7,0.9258,6011948549.0,61.7,48.0,162.0,2.0,>60 min,0.093,0.0273,0.9258,0.4277,Optional
4,Billbrook,53.544866000000006,10.071267,3800,0.25,0.5652,18.6,786.0,0.3744,6278409681.0,786.0,42.0,101.0,3.0,>60 min,0.2454,0.106,0.3744,0.2493,Not recommended
5,Groß Flottbek,53.575809,9.886075,2100,1.0,0.087,16.52,424.4,0.5883,5496142271.0,424.4,27.0,97.0,4.0,>60 min,0.0748,0.1158,0.5883,0.3114,Optional
6,Norderstedt-Friedrichsgabe,53.70824200000001,9.981899,2200,1.0,0.1304,1.4,129.8,0.8502,4364655372.0,129.8,3.0,19.0,0.0,≤30 min,0.0048,0.6556,0.8502,0.6107,Recommend Deutschlandticket
7,Rothenburgsort,53.535746,10.048453,4100,1.0,0.6087,19.3,323.0,0.6678,1561629463.0,323.0,47.0,100.0,3.0,>60 min,0.3238,0.1084,0.6678,0.3922,Optional
8,Harburg,53.45145400000001,9.973642,5200,1.0,0.7826,28.51,110.1,0.8715,1710635436.0,110.1,38.0,155.0,3.0,>60 min,0.046,0.0319,0.8715,0.3967,Optional
9,Rotherbaum,53.554532,9.98631,5200,1.0,0.7826,17.01,171.4,0.8072,5257886401.0,171.4,35.0,67.0,2.0,>60 min,0.4008,0.2256,0.8072,0.5111,Recommend Deutschlandticket
10,Winterhude,53.59516,10.007863,4800,1.0,0.6087,12.45,464.7,0.5594,357569529.0,464.7,28.0,66.0,2.0,>60 min,0.2574,0.2307,0.5594,0.3777,Optional
11,Hohenfelde,53.564509,10.021194,5800,1.0,0.6522,15.9,207.1,0.772,1992432368.0,207.1,34.0,78.0,3.0,>60 min,0.2741,0.1767,0.772,0.4527,Recommend Deutschlandticket
12,Lemsahl-Mellingstedt,53.707435,10.126297,1400,0.0,0.0,8.14,529.7,0.5158,10574832469.0,529.7,21.0,256.0,3.0,>60 min,0.0,0.0034,0.5158,0.2237,Not recommended
13,Rahlstedt,53.59067099999999,10.161681,3600,1.0,0.6522,16.67,247.0,0.7344,2594959038.0,247.0,41.0,155.0,3.0,>60 min,0.062,0.0319,0.7344,0.3408,Optional
14,Langenbek,53.467051,9.944201,3400,1.0,0.3043,26.99,380.4,0.6216,5961392026.0,380.4,34.0,166.0,2.0,>60 min,0.0206,0.025,0.6216,0.2814,Not recommended
15,Winterhude,53.596393000000006,9.991703,4800,1.0,0.6087,12.33,396.6,0.6091,1012634707.0,396.6,25.0,58.0,2.0,45–60 min,0.2671,0.2756,0.6091,0.4177,Optional
16,Lokstedt,53.60921999999999,9.960874,4800,1.0,0.4348,11.23,185.2,0.7933,331446888.0,185.2,23.0,74.0,3.0,>60 min,0.1089,0.1931,0.7933,0.4352,Optional
17,Dulsberg,53.574891,10.06082,6800,0.25,0.7391,15.19,308.5,0.68,3372061142.0,308.5,36.0,71.0,2.0,>60 min,0.3782,0.2064,0.68,0.4446,Optional
18,Ottensen,53.544547,9.924269,7500,1.0,0.8261,18.82,46.0,0.9442,5840624547.0,46.0,34.0,103.0,4.0,>60 min,0.1314,0.1014,0.9442,0.4707,Recommend Deutschlandticket
19,Langenbek,53.477417,9.936118,3400,1.0,0.3043,25.93,904.9,0.3227,3529202636.0,904.9,33.0,175.0,2.0,>60 min,0.0135,0.0205,0.3227,0.1494,Not recommended
20,Jenfeld,53.582076,10.118446,4800,1.0,0.5217,15.86,617.8,0.462,357348716.0,617.8,41.0,97.0,3.0,>60 min,0.2552,0.1158,0.462,0.2927,Not recommended
21,Rothenburgsort,53.535984,10.043492,4100,1.0,0.6087,19.22,346.6,0.6484,288039516.0,346.6,44.0,95.0,3.0,>60 min,0.3138,0.1211,0.6484,0.3866,Optional
22,Hohenfelde,53.563497,10.019806,5800,1.0,0.6522,16.01,168.8,0.8098,10718408319.0,168.8,34.0,84.0,3.0,>60 min,0.2298,0.1546,0.8098,0.452,Recommend Deutschlandticket
23,Norderstedt-Friedrichsgabe,53.705314,9.992974,2200,1.0,0.1304,0.69,141.6,0.8377,739775555.0,141.6,4.0,15.0,0.0,≤30 min,0.0639,0.7165,0.8377,0.6396,Recommend Deutschlandticket
24,Volksdorf,53.64292,10.182299,2100,1.0,0.1304,13.83,362.5,0.6357,474578930.0,362.5,35.0,150.0,3.0,>60 min,0.0374,0.0357,0.6357,0.2947,Not recommended
25,Harburg,53.44935400000001,9.97938,5200,1.0,0.7826,28.72,233.4,0.7469,5696843914.0,233.4,42.0,154.0,2.0,>60 min,0.0695,0.0326,0.7469,0.3479,Optional
26,Hoheluft-Ost,53.566177,9.962798,5800,0.25,0.6087,15.9,299.5,0.6878,303536839.0,299.5,30.0,69.0,3.0,>60 min,0.2725,0.2158,0.6878,0.4305,Optional
27,Alsterdorf,53.611956000000006,10.016886,3900,1.0,0.3478,10.62,121.2,0.8594,286216026.0,121.2,22.0,59.0,2.0,45–60 min,0.186,0.2695,0.8594,0.5073,Recommend Deutschlandticket
28,Altona-Nord,53.566737,9.949924,6800,0.25,0.913,16.0,109.8,0.8718,301611790.0,109.8,26.0,85.0,3.0,>60 min,0.1034,0.1512,0.8718,0.4524,Recommend Deutschlandticket
29,Harvestehude,53.58365,9.989014,4500,1.0,0.4783,13.76,241.1,0.7398,2161074869.0,241.1,30.0,60.0,2.0,45–60 min,0.3679,0.2636,0.7398,0.4896,Recommend Deutschlandticket
30,Billstedt,53.528749,10.096355,6200,0.25,0.7826,20.78,194.1,0.7846,6076965718.0,194.1,44.0,164.0,2.0,>60 min,0.0654,0.0261,0.7846,0.3609,Optional
31,Horn,53.557306,10.079042,4900,1.0,0.3478,17.4,158.1,0.8207,836214967.0,158.1,37.0,91.0,3.0,>60 min,0.2324,0.1324,0.8207,0.4489,Optional
32,Norderstedt-Garstedt,53.72436,10.026566,2900,1.0,0.3478,2.48,374.0,0.6265,5317323637.0,374.0,13.0,39.0,1.0,30–45 min,0.1353,0.4204,0.6265,0.4528,Recommend Deutschlandticket
33,St. Pauli,53.554286,9.968233,6100,1.0,1.0,17.15,400.6,0.6061,2546781358.0,400.6,33.0,69.0,3.0,>60 min,0.3359,0.2158,0.6061,0.4079,Optional
34,Hohenfelde,53.563295,10.016421,5800,1.0,0.6522,16.02,150.4,0.8286,1412965787.0,150.4,34.0,82.0,2.0,>60 min,0.2437,0.1617,0.8286,0.4655,Recommend Deutschlandticket
35,Alsterdorf,53.606481,9.99874,3900,1.0,0.3478,11.19,252.7,0.7292,6178216773.0,252.7,22.0,60.0,3.0,45–60 min,0.1778,0.2636,0.7292,0.4474,Optional
36,Eppendorf,53.58980500000001,9.97815,6200,1.0,0.8261,13.15,13.3,0.9835,288256785.0,13.3,27.0,69.0,2.0,>60 min,0.2111,0.2158,0.9835,0.5459,Recommend Deutschlandticket
37,Rotherbaum,53.558615,9.993482,5200,1.0,0.7826,16.53,371.4,0.6286,1502029203.0,371.4,37.0,66.0,2.0,>60 min,0.4567,0.2307,0.6286,0.447,Optional
38,Alsterdorf,53.602753,9.999399,3900,1.0,0.3478,11.6,226.4,0.7535,13811365421.0,226.4,23.0,59.0,2.0,45–60 min,0.209,0.2695,0.7535,0.4662,Recommend Deutschlandticket
39,Lokstedt,53.601886,9.950046,4800,1.0,0.4348,12.21,316.2,0.6735,12801263411.0,316.2,26.0,76.0,3.0,>60 min,0.1462,0.1847,0.6735,0.3878,Optional
40,Farmsen-Berne,53.624814,10.146369,3200,1.0,0.3913,13.17,165.7,0.8129,12703227953.0,165.7,31.0,101.0,2.0,>60 min,0.1046,0.106,0.8129,0.4105,Optional
41,Barmbek-Nord,53.595753,10.043944,5600,1.0,0.7826,12.67,152.6,0.8263,278487908.0,152.6,30.0,57.0,2.0,45–60 min,0.4066,0.2818,0.8263,0.5413,Recommend Deutschlandticket
42,Langenbek,53.470007,9.952536,3400,1.0,0.3043,26.59,96.0,0.8869,63353504.0,96.0,34.0,159.0,2.0,>60 min,0.0253,0.0292,0.8869,0.3982,Optional
43,Billbrook,53.528161,10.053545,3800,0.25,0.5652,20.18,694.8,0.4196,7250144763.0,694.8,49.0,154.0,2.0,>60 min,0.1173,0.0326,0.4196,0.2162,Not recommended
44,St. Pauli,53.552085,9.970337,6100,1.0,1.0,17.38,151.7,0.8273,258201148.0,151.7,34.0,66.0,3.0,>60 min,0.3902,0.2307,0.8273,0.5195,Recommend Deutschlandticket
45,Langenbek,53.478025,9.936871,3400,1.0,0.3043,25.86,756.5,0.3884,5647199187.0,756.5,33.0,171.0,2.0,>60 min,0.0153,0.0224,0.3884,0.1788,Not recommended
46,Heimfeld,53.472712,9.946655,3800,1.0,0.4348,26.34,1099.7,0.2529,344479065.0,1099.7,34.0,164.0,2.0,>60 min,0.0219,0.0261,0.2529,0.1231,Not recommended
47,Uhlenhorst,53.56914499999999,10.028708,5200,1.0,0.5652,15.44,111.5,0.8699,6093955175.0,111.5,31.0,71.0,3.0,>60 min,0.2752,0.2064,0.8699,0.5061,Recommend Deutschlandticket
48,Eimsbüttel,53.578127,9.950236,5500,1.0,0.6957,14.76,247.3,0.7341,10646610007.0,247.3,25.0,78.0,3.0,>60 min,0.12,0.1767,0.7341,0.4058,Optional
49,Billstedt,53.528104000000006,10.101684,6200,0.25,0.7826,20.95,546.1,0.5053,6076965718.0,546.1,44.0,168.0,2.0,>60 min,0.0597,0.0239,0.5053,0.2386,Not recommended
50,Rotherbaum,53.576086,9.975832,5200,1.0,0.7826,14.68,307.0,0.6813,589914028.0,307.0,32.0,61.0,3.0,>60 min,0.404,0.2578,0.6813,0.4694,Recommend Deutschlandticket
51,Hoheluft-Ost,53.582793,9.979806,5800,0.25,0.6087,13.91,351.9,0.6441,6150072595.0,351.9,28.0,63.0,3.0,>60 min,0.2865,0.2466,0.6441,0.4259,Optional
52,Altona-Altstadt,53.56026,9.929381,4200,1.0,0.8696,17.04,227.6,0.7524,2356512250.0,227.6,26.0,89.0,4.0,>60 min,0.0886,0.1384,0.7524,0.3933,Optional
53,Harburg,53.463205,9.98169,5200,1.0,0.7826,27.17,207.0,0.772,10691233.0,207.0,38.0,104.0,3.0,>60 min,0.1761,0.0992,0.772,0.4045,Optional
54,Farmsen-Berne,53.612534,10.143785,3200,1.0,0.3913,14.04,363.8,0.6346,8237684966.0,363.8,35.0,179.0,2.0,>60 min,0.0163,0.0187,0.6346,0.2838,Not recommended
55,Billbrook,53.547662,10.055313,3800,0.25,0.5652,18.07,150.3,0.8287,5841478671.0,150.3,45.0,99.0,4.0,>60 min,0.3012,0.1108,0.8287,0.458,Recommend Deutschlandticket
56,Harburg,53.45085699999999,9.973939,5200,1.0,0.7826,28.57,173.1,0.8055,1710635436.0,173.1,38.0,157.0,3.0,>60 min,0.0436,0.0305,0.8055,0.3673,Optional
57,Winterhude,53.593901,9.995343,4800,1.0,0.6087,12.6,55.3,0.9332,286529865.0,55.3,25.0,54.0,2.0,45–60 min,0.3135,0.3012,0.9332,0.5761,Recommend Deutschlandticket
58,Bramfeld,53.616559,10.077243,4200,1.0,0.4348,11.2,193.0,0.7857,249284715.0,193.0,29.0,78.0,3.0,>60 min,0.1846,0.1767,0.7857,0.4408,Optional
59,Rotherbaum,53.570267,9.991204,5200,1.0,0.7826,15.24,419.0,0.5923,1502029223.0,419.0,35.0,66.0,2.0,>60 min,0.4124,0.2307,0.5923,0.4226,Optional
60,Blankenese,53.561055,9.80837,1800,1.0,0.2174,20.73,179.2,0.7993,6859801936.0,179.2,36.0,155.0,3.0,>60 min,0.0367,0.0319,0.7993,0.3637,Optional
61,Farmsen-Berne,53.621596,10.147018,3200,1.0,0.3913,13.45,303.4,0.6844,12703227954.0,303.4,31.0,104.0,2.0,>60 min,0.0949,0.0992,0.6844,0.3507,Optional
62,Alsterdorf,53.60597900000001,10.000027,3900,1.0,0.3478,11.25,422.5,0.5897,6178216773.0,422.5,21.0,58.0,3.0,45–60 min,0.1717,0.2756,0.5897,0.3905,Optional
63,Bramfeld,53.60785600000001,10.073999,4200,1.0,0.4348,11.99,158.4,0.8204,249285578.0,158.4,32.0,69.0,3.0,>60 min,0.3147,0.2158,0.8204,0.4961,Recommend Deutschlandticket
64,Rothenburgsort,53.519469,10.040917,4100,1.0,0.6087,21.02,118.2,0.8627,6068314517.0,118.2,48.0,150.0,2.0,>60 min,0.1194,0.0357,0.8627,0.4088,Optional
65,Jenfeld,53.580103,10.115482,4800,1.0,0.5217,15.96,565.6,0.4931,357348733.0,565.6,42.0,96.0,3.0,>60 min,0.2765,0.1184,0.4931,0.3113,Optional
66,Dulsberg,53.588203,10.057094,6800,0.25,0.7391,13.7,336.1,0.6569,5901964546.0,336.1,30.0,72.0,3.0,>60 min,0.2466,0.2019,0.6569,0.4069,Optional
67,Bramfeld,53.604325,10.086945,4200,1.0,0.4348,12.7,210.8,0.7683,343482174.0,210.8,31.0,73.0,3.0,>60 min,0.258,0.1975,0.7683,0.4556,Recommend Deutschlandticket
68,St. Pauli,53.541547,9.967182,6100,1.0,1.0,18.57,134.4,0.8453,3793515347.0,134.4,39.0,79.0,3.0,>60 min,0.3586,0.1728,0.8453,0.4995,Recommend Deutschlandticket
69,Altona-Nord,53.559575,9.956005,6800,0.25,0.913,16.7,261.9,0.7208,5948715578.0,261.9,31.0,77.0,3.0,>60 min,0.2268,0.1807,0.7208,0.4227,Optional
70,Barmbek-Nord,53.587986,10.046786,5600,1.0,0.7826,13.56,220.6,0.759,5041598663.0,220.6,30.0,61.0,2.0,>60 min,0.3558,0.2578,0.759,0.4933,Recommend Deutschlandticket
71,Lokstedt,53.597777,9.95468,4800,1.0,0.4348,12.57,224.3,0.7555,1578177713.0,224.3,27.0,81.0,3.0,>60 min,0.1353,0.1653,0.7555,0.4138,Optional
72,Barmbek-Süd,53.583721,10.050508,6400,0.25,0.8696,14.08,305.5,0.6825,257726463.0,305.5,33.0,70.0,2.0,>60 min,0.3259,0.2111,0.6825,0.4371,Optional
73,Lohbrügge,53.49240699999999,10.194364,3200,1.0,0.3478,27.04,4.5,0.9945,5936292591.0,4.5,50.0,169.0,2.0,>60 min,0.0926,0.0234,0.9945,0.4558,Recommend Deutschlandticket
74,Niendorf,53.61849599999999,9.940958,3200,1.0,0.3478,10.67,609.5,0.4668,2357186472.0,609.5,19.0,71.0,2.0,>60 min,0.0648,0.2064,0.4668,0.2906,Not recommended
75,Ottensen,53.540519,9.923534,7500,1.0,0.8261,19.26,5222.3,0.0,5840624547.0,5222.3,23.0,336.0,4.0,>60 min,0.0,0.0006,0.0,0.0002,Not recommended
76,Eimsbüttel,53.58450799999999,9.962831,5500,1.0,0.6957,13.89,228.1,0.752,10110629362.0,228.1,29.0,71.0,4.0,>60 min,0.235,0.2064,0.752,0.4473,Optional
77,Eimsbüttel,53.576297,9.946366,5500,1.0,0.6957,15.02,204.1,0.7748,301704188.0,204.1,24.0,79.0,4.0,>60 min,0.1011,0.1728,0.7748,0.4182,Optional
78,Farmsen-Berne,53.622134,10.135606,3200,1.0,0.3913,12.89,412.3,0.5973,2167620997.0,412.3,33.0,100.0,2.0,>60 min,0.1313,0.1084,0.5973,0.3237,Optional
79,Bramfeld,53.611826,10.07975,4200,1.0,0.4348,11.75,71.7,0.9143,6214805353.0,71.7,31.0,72.0,3.0,>60 min,0.2664,0.2019,0.9143,0.5218,Recommend Deutschlandticket
80,Harburg,53.464448,9.980448,5200,1.0,0.7826,27.04,197.4,0.7814,316847758.0,197.4,40.0,150.0,2.0,>60 min,0.0639,0.0357,0.7814,0.3628,Optional
81,Farmsen-Berne,53.627984,10.135586,3200,1.0,0.3913,12.42,216.7,0.7627,364701039.0,216.7,30.0,96.0,2.0,>60 min,0.1108,0.1184,0.7627,0.3947,Optional
82,Barmbek-Süd,53.570898,10.033525,6400,0.25,0.8696,15.28,330.4,0.6617,1483298503.0,330.4,31.0,76.0,3.0,>60 min,0.2342,0.1847,0.6617,0.4002,Optional
83,Marmstorf,53.434902,9.966316,2900,1.0,0.1739,30.38,170.3,0.8083,4906481929.0,170.3,40.0,166.0,3.0,>60 min,0.0429,0.025,0.8083,0.3663,Optional
84,Harvestehude,53.589398,9.997915,4500,1.0,0.4783,13.09,637.8,0.4505,244402134.0,637.8,28.0,62.0,2.0,>60 min,0.2969,0.2521,0.4505,0.3465,Optional
85,Altona-Nord,53.57086999999999,9.940611,6800,0.25,0.913,15.7,404.2,0.6034,6311207488.0,404.2,25.0,82.0,5.0,>60 min,0.1023,0.1617,0.6034,0.3404,Optional
86,Groß Flottbek,53.577361,9.889982,2100,1.0,0.087,16.25,141.4,0.838,1768803698.0,141.4,30.0,97.0,4.0,>60 min,0.1072,0.1158,0.838,0.4255,Optional
87,Hamm,53.55846500000001,10.049143,5400,1.0,0.6522,16.81,92.2,0.8911,8244705812.0,92.2,37.0,87.0,2.0,>60 min,0.2589,0.1447,0.8911,0.4891,Recommend Deutschlandticket
88,Winterhude,53.58107800000001,9.991951,4800,1.0,0.6087,14.03,271.4,0.7123,335627125.0,271.4,30.0,61.0,2.0,>60 min,0.3558,0.2578,0.7123,0.4732,Recommend Deutschlandticket
89,Harvestehude,53.593817,9.988442,4500,1.0,0.4783,12.63,156.6,0.8222,1499145453.0,156.6,28.0,62.0,2.0,>60 min,0.2969,0.2521,0.8222,0.5068,Recommend Deutschlandticket
90,Langenhorn,53.653967,10.0094,3100,1.0,0.3043,5.92,344.5,0.6501,338974149.0,344.5,14.0,43.0,1.0,30–45 min,0.126,0.3846,0.6501,0.4479,Optional
91,Harvestehude,53.59144300000001,9.999379,4500,1.0,0.4783,12.86,218.4,0.7611,244402134.0,218.4,26.0,58.0,2.0,45–60 min,0.2921,0.2756,0.7611,0.4882,Recommend Deutschlandticket
92,Billbrook,53.533582,10.065453,3800,0.25,0.5652,19.74,492.1,0.5405,395498900.0,492.1,47.0,98.0,3.0,>60 min,0.3379,0.1133,0.5405,0.342,Optional
93,Winterhude,53.59588000000001,10.006528,4800,1.0,0.6087,12.37,484.1,0.546,6138886110.0,484.1,25.0,64.0,2.0,>60 min,0.2101,0.2412,0.546,0.3665,Optional
94,Uhlenhorst,53.56226700000001,10.026968,5200,1.0,0.5652,16.19,251.2,0.7305,26678614.0,251.2,38.0,75.0,2.0,>60 min,0.3777,0.1889,0.7305,0.4598,Recommend Deutschlandticket
95,St. Pauli,53.547299,9.970923,6100,1.0,1.0,17.9,252.9,0.7289,3032426999.0,252.9,35.0,69.0,3.0,>60 min,0.3785,0.2158,0.7289,0.4693,Recommend Deutschlandticket
96,Jenfeld,53.571783,10.135484,4800,1.0,0.5217,17.41,145.6,0.8336,2595035351.0,145.6,44.0,94.0,3.0,>60 min,0.321,0.1238,0.8336,0.4689,Recommend Deutschlandticket
97,Hohenfelde,53.575947,10.005946,5800,1.0,0.6522,14.59,731.9,0.4006,1412965792.0,731.9,32.0,78.0,3.0,>60 min,0.2375,0.1767,0.4006,0.2853,Not recommended
98,Bahrenfeld,53.55530200000001,9.896679,3200,1.0,0.4348,18.29,365.6,0.6332,336211990.0,365.6,31.0,127.0,3.0,>60 min,0.0452,0.0595,0.6332,0.304,Optional
99,Blankenese,53.566989,9.812385,1800,1.0,0.2174,20.04,185.8,0.7928,8668136436.0,185.8,37.0,153.0,3.0,>60 min,0.0435,0.0334,0.7928,0.3628,Optional
100,Norderstedt-Garstedt,53.713448,10.017714,2900,1.0,0.3478,1.21,288.0,0.6977,1349140608.0,288.0,9.0,34.0,0.0,30–45 min,0.0622,0.4697,0.6977,0.4873,Recommend Deutschlandticket
101,Poppenbüttel,53.669324,10.091658,2400,1.0,0.2609,7.2,310.4,0.6784,2788916328.0,310.4,18.0,73.0,2.0,>60 min,0.0471,0.1975,0.6784,0.3751,Optional
102,Billbrook,53.529454,10.065017999999998,3800,0.25,0.5652,20.18,607.6,0.4679,292065648.0,607.6,46.0,102.0,3.0,>60 min,0.296,0.1037,0.4679,0.2988,Not recommended
103,Stellingen,53.585512,9.913334,4100,0.25,0.3913,14.76,142.4,0.8369,5198416572.0,142.4,22.0,89.0,4.0,>60 min,0.0476,0.1384,0.8369,0.4216,Optional
104,Norderstedt-Garstedt,53.722264,10.016164,2900,1.0,0.3478,1.91,188.7,0.7899,334310400.0,188.7,7.0,30.0,1.0,≤30 min,0.0374,0.5134,0.7899,0.5384,Recommend Deutschlandticket
105,Harburg,53.458152,9.965924,5200,1.0,0.7826,27.8,38.9,0.9525,5686864207.0,38.9,39.0,149.0,3.0,>60 min,0.0596,0.0365,0.9525,0.436,Optional
106,Hamm,53.549947,10.059662,5400,1.0,0.6522,17.88,91.0,0.8924,1970586785.0,91.0,40.0,91.0,3.0,>60 min,0.2794,0.1324,0.8924,0.4892,Recommend Deutschlandticket
107,Winterhude,53.599299,9.992795,4800,1.0,0.6087,12.01,148.4,0.8307,287530960.0,148.4,24.0,54.0,2.0,45–60 min,0.2865,0.3012,0.8307,0.5266,Recommend Deutschlandticket
108,Stellingen,53.597736,9.93017,4100,0.25,0.3913,13.08,128.1,0.852,2390969022.0,128.1,22.0,83.0,4.0,>60 min,0.0625,0.1581,0.852,0.4384,Optional
109,Groß Flottbek,53.56797,9.886145,2100,1.0,0.087,17.3,207.5,0.7715,2356451922.0,207.5,23.0,99.0,5.0,>60 min,0.0367,0.1108,0.7715,0.381,Optional
110,Poppenbüttel,53.655542,10.095262,2400,1.0,0.2609,8.36,139.7,0.8397,1457394004.0,139.7,21.0,65.0,2.0,>60 min,0.123,0.2359,0.8397,0.4739,Recommend Deutschlandticket
111,Winterhude,53.591726,9.995223,4800,1.0,0.6087,12.84,388.5,0.6153,281923855.0,388.5,27.0,60.0,2.0,45–60 min,0.2946,0.2636,0.6153,0.4214,Optional
112,Hoheluft-Ost,53.588935,9.973909,5800,0.25,0.6087,13.28,150.9,0.828,3470259269.0,150.9,30.0,72.0,3.0,>60 min,0.2466,0.2019,0.828,0.4807,Recommend Deutschlandticket
113,St. Pauli,53.56319499999999,9.959875,6100,1.0,1.0,16.26,87.4,0.8966,303536278.0,87.4,30.0,74.0,3.0,>60 min,0.2307,0.1931,0.8966,0.5039,Recommend Deutschlandticket
114,Wandsbek,53.569325,10.073597,5900,0.25,0.9565,16.02,239.5,0.7413,2597834637.0,239.5,35.0,84.0,2.0,>60 min,0.2466,0.1546,0.7413,0.4258,Optional
115,Eppendorf,53.582542,9.988215,6200,1.0,0.8261,13.89,98.6,0.8841,2161074869.0,98.6,30.0,58.0,2.0,45–60 min,0.3932,0.2756,0.8841,0.5612,Recommend Deutschlandticket
116,Lohbrügge,53.496059,10.186368,3200,1.0,0.3478,26.43,242.0,0.7390000000000001,7040854308.0,242.0,51.0,169.0,2.0,>60 min,0.0989,0.0234,0.7390000000000001,0.3469,Optional
117,Rothenburgsort,53.53030500000001,10.05619,4100,1.0,0.6087,19.98,295.0,0.6916,332609779.0,295.0,48.0,103.0,3.0,>60 min,0.318,0.1014,0.6916,0.3987,Optional
118,Hamm,53.555305,10.065392999999998,5400,1.0,0.6522,17.38,341.4,0.6526,3197892918.0,341.4,39.0,85.0,3.0,>60 min,0.3074,0.1512,0.6526,0.3983,Optional
119,Barmbek-Nord,53.604834,10.039217,5600,1.0,0.7826,11.62,149.0,0.8301,1487215758.0,149.0,24.0,53.0,2.0,45–60 min,0.2987,0.308,0.8301,0.5313,Recommend Deutschlandticket
120,Jenfeld,53.56861899999999,10.113428,4800,1.0,0.5217,17.05,501.5,0.5343,339408761.0,501.5,42.0,99.0,3.0,>60 min,0.2574,0.1108,0.5343,0.3224,Optional
121,Wandsbek,53.575124,10.092906,5900,0.25,0.9565,15.84,12.3,0.9847,302320053.0,12.3,37.0,89.0,3.0,>60 min,0.2453,0.1384,0.9847,0.5244,Recommend Deutschlandticket
122,Rahlstedt,53.598738,10.148583,3600,1.0,0.6522,15.42,398.3,0.6078,5763958677.0,398.3,39.0,158.0,2.0,>60 min,0.0473,0.0299,0.6078,0.2825,Not recommended
123,Bahrenfeld,53.571826,9.907544,3200,1.0,0.4348,16.32,220.3,0.7593,6343444270.0,220.3,25.0,99.0,4.0,>60 min,0.0518,0.1108,0.7593,0.3787,Optional
124,Barmbek-Süd,53.579902,10.042475,6400,0.25,0.8696,14.38,78.3,0.9068,6985224162.0,78.3,32.0,71.0,3.0,>60 min,0.2956,0.2064,0.9068,0.5261,Recommend Deutschlandticket
125,Altona-Nord,53.558221,9.94198,6800,0.25,0.913,17.04,263.1,0.7197,7806281473.0,263.1,29.0,76.0,4.0,>60 min,0.1978,0.1847,0.7197,0.418,Optional
126,Langenhorn,53.65682,10.003646,3100,1.0,0.3043,5.59,147.1,0.8321,338974148.0,147.1,11.0,41.0,1.0,30–45 min,0.0654,0.4021,0.8321,0.5208,Recommend Deutschlandticket
127,Sternschanze,53.556948,9.963894,7200,0.25,0.8261,16.9,159.6,0.8192,333074043.0,159.6,32.0,68.0,3.0,>60 min,0.3247,0.2207,0.8192,0.4993,Recommend Deutschlandticket
128,Rotherbaum,53.57090400000001,9.97868,5200,1.0,0.7826,15.23,62.8,0.9245,2357186486.0,62.8,32.0,67.0,3.0,>60 min,0.335,0.2256,0.9245,0.5486,Recommend Deutschlandticket
129,Othmarschen,53.542527,9.892598,2800,1.0,0.1739,19.71,598.7,0.4732,270634240.0,598.7,28.0,102.0,3.0,>60 min,0.0712,0.1037,0.4732,0.2566,Not recommended
130,Wandsbek,53.570266,10.074597,5900,0.25,0.9565,15.94,162.8,0.8158,1609588028.0,162.8,34.0,84.0,2.0,>60 min,0.2298,0.1546,0.8158,0.4546,Recommend Deutschlandticket
131,Eppendorf,53.599792,9.976508,6200,1.0,0.8261,12.06,314.6,0.6749,5943781955.0,314.6,25.0,77.0,3.0,>60 min,0.1249,0.1807,0.6749,0.3827,Optional
132,Duvenstedt,53.69945300000001,10.090448,1600,0.0,0.0435,5.84,1047.3,0.2701,1703550656.0,1047.3,21.0,254.0,3.0,>60 min,0.0,0.0035,0.2701,0.1178,Not recommended
133,Wandsbek,53.559973,10.095103,5900,0.25,0.9565,17.46,659.8,0.4384,7589465895.0,659.8,39.0,150.0,2.0,>60 min,0.0581,0.0357,0.4384,0.2137,Not recommended
134,Sternschanze,53.554687,9.959833,7200,0.25,0.8261,17.19,450.0,0.5698,3453794081.0,450.0,31.0,75.0,3.0,>60 min,0.2419,0.1889,0.5698,0.3636,Optional
135,Wandsbek,53.556508,10.075772,5900,0.25,0.9565,17.43,204.5,0.7744,336031562.0,204.5,42.0,94.0,3.0,>60 min,0.2899,0.1238,0.7744,0.4372,Optional
136,Altona-Nord,53.552191,9.934329,6800,0.25,0.913,17.82,35.5,0.9566,3357946758.0,35.5,32.0,70.0,4.0,>60 min,0.305,0.2111,0.9566,0.5511,Recommend Deutschlandticket
137,Norderstedt-Garstedt,53.720187,10.014281,2900,1.0,0.3478,1.65,302.6,0.685,324345360.0,302.6,7.0,31.0,1.0,30–45 min,0.0324,0.5021,0.685,0.488,Recommend Deutschlandticket
138,Fuhlsbüttel,53.635447,10.014337,2400,1.0,0.2609,8.0,542.2,0.5077,6325109265.0,542.2,18.0,43.0,1.0,30–45 min,0.2494,0.3846,0.5077,0.4109,Optional
139,Harburg,53.45810899999999,9.970632,5200,1.0,0.7826,27.78,204.9,0.7741,5686864204.0,204.9,41.0,150.0,2.0,>60 min,0.0701,0.0357,0.7741,0.3609,Optional
140,Bahrenfeld,53.571427,9.914,3200,1.0,0.4348,16.2,10.1,0.9875,335550067.0,10.1,22.0,99.0,4.0,>60 min,0.0302,0.1108,0.9875,0.4728,Recommend Deutschlandticket
141,Fuhlsbüttel,53.630356000000006,9.999043,2400,1.0,0.2609,8.53,374.9,0.6259,6178113265.0,374.9,16.0,60.0,1.0,45–60 min,0.0639,0.2636,0.6259,0.3803,Optional
142,Fuhlsbüttel,53.631985,10.003682,2400,1.0,0.2609,8.35,44.5,0.9459,6178138208.0,44.5,16.0,50.0,1.0,45–60 min,0.1194,0.3292,0.9459,0.5536,Recommend Deutschlandticket
143,Norderstedt-Mitte,53.70499,10.00471,3800,1.0,0.5217,0.25,146.2,0.8329,726615347.0,146.2,4.0,26.0,0.0,≤30 min,0.0041,0.5611,0.8329,0.568,Recommend Deutschlandticket
144,Bramfeld,53.604967,10.074182,4200,1.0,0.4348,12.29,250.7,0.731,5901964536.0,250.7,30.0,76.0,3.0,>60 min,0.2158,0.1847,0.731,0.4264,Optional
145,Alsterdorf,53.59844,10.01057,3900,1.0,0.3478,12.09,219.3,0.7602,357569531.0,219.3,22.0,64.0,2.0,>60 min,0.1482,0.2412,0.7602,0.4466,Optional
146,Stellingen,53.581247,9.933003,4100,0.25,0.3913,14.74,213.3,0.7659,334470306.0,213.3,22.0,79.0,4.0,>60 min,0.075,0.1728,0.7659,0.4092,Optional
147,Sternschanze,53.55337900000001,9.975196,7200,0.25,0.8261,17.2,170.6,0.8079999999999999,337293173.0,170.6,35.0,71.0,3.0,>60 min,0.3575,0.2064,0.8079999999999999,0.4957,Recommend Deutschlandticket
148,Ohlsdorf,53.627664,10.038246,2800,1.0,0.2174,9.13,106.7,0.8751,6343564286.0,106.7,21.0,53.0,1.0,45–60 min,0.2179,0.308,0.8751,0.5347,Recommend Deutschlandticket
149,Barmbek-Nord,53.605249,10.05151,5600,1.0,0.7826,11.77,232.7,0.7476,5742815439.0,232.7,28.0,66.0,2.0,>60 min,0.2574,0.2307,0.7476,0.4589,Recommend Deutschlandticket
150,Altona-Altstadt,53.55242,9.941707,4200,1.0,0.8696,17.68,145.1,0.8341,286725371.0,145.1,31.0,78.0,4.0,>60 min,0.2196,0.1767,0.8341,0.4686,Recommend Deutschlandticket
151,Langenbek,53.46922900000001,9.951696,3400,1.0,0.3043,26.68,180.5,0.7979999999999999,63353504.0,180.5,34.0,158.0,2.0,>60 min,0.0261,0.0299,0.7979999999999999,0.3603,Optional
152,Poppenbüttel,53.658341,10.085866,2400,1.0,0.2609,7.7,113.1,0.8682,360350126.0,113.1,18.0,60.0,2.0,45–60 min,0.097,0.2636,0.8682,0.4913,Recommend Deutschlandticket
153,Rotherbaum,53.56410699999999,9.993582,5200,1.0,0.7826,15.92,86.0,0.8981,417976341.0,86.0,35.0,67.0,3.0,>60 min,0.4008,0.2256,0.8981,0.5503,Recommend Deutschlandticket
154,Dulsberg,53.58135,10.062242,6800,0.25,0.7391,14.52,60.6,0.927,607008003.0,60.6,35.0,77.0,2.0,>60 min,0.3012,0.1807,0.927,0.5263,Recommend Deutschlandticket
155,Othmarschen,53.543354,9.879395,2800,1.0,0.1739,19.97,495.7,0.5382,270634240.0,495.7,28.0,156.0,3.0,>60 min,0.0103,0.0312,0.5382,0.2457,Not recommended
156,Farmsen-Berne,53.616005,10.144469,3200,1.0,0.3913,13.79,291.2,0.6949,365099128.0,291.2,34.0,183.0,2.0,>60 min,0.0125,0.0171,0.6949,0.3084,Optional
157,Eimsbüttel,53.57182,9.948582,5500,1.0,0.6957,15.47,272.6,0.7112,10142828573.0,272.6,26.0,73.0,4.0,>60 min,0.164,0.1975,0.7112,0.4123,Optional
158,Farmsen-Berne,53.61386,10.141793,3200,1.0,0.3913,13.84,402.0,0.605,848503071.0,402.0,34.0,182.0,2.0,>60 min,0.0129,0.0175,0.605,0.2699,Not recommended
159,Hamm,53.552458,10.052107,5400,1.0,0.6522,17.5,212.5,0.7667,10837322125.0,212.5,40.0,91.0,3.0,>60 min,0.2794,0.1324,0.7667,0.435,Optional
160,Harburg,53.468773,9.970125,5200,1.0,0.7826,26.6,285.9,0.6995,21764350.0,285.9,36.0,155.0,2.0,>60 min,0.0367,0.0319,0.6995,0.3207,Optional
161,Othmarschen,53.55154200000001,9.894992,2800,1.0,0.1739,18.72,348.5,0.6468,5948718498.0,348.5,26.0,133.0,3.0,>60 min,0.0163,0.052,0.6468,0.3014,Optional
162,Sasel,53.64885,10.110881,2700,1.0,0.3043,9.63,555.3,0.4995,12468500077.0,555.3,25.0,76.0,2.0,>60 min,0.13,0.1847,0.4995,0.3096,Optional
163,Lokstedt,53.601662,9.963365,4800,1.0,0.4348,12.01,170.9,0.8077,6103375737.0,170.9,24.0,71.0,4.0,>60 min,0.1411,0.2064,0.8077,0.4527,Recommend Deutschlandticket
164,Altona-Nord,53.560785,9.952305,6800,0.25,0.913,16.62,208.1,0.7709,334642108.0,208.1,29.0,75.0,3.0,>60 min,0.2047,0.1889,0.7709,0.443,Optional
165,Dulsberg,53.572916000000006,10.06819,6800,0.25,0.7391,15.53,133.3,0.8465,475051711.0,133.3,33.0,78.0,2.0,>60 min,0.2557,0.1767,0.8465,0.4811,Recommend Deutschlandticket
166,Hohenfelde,53.560858,10.020637,5800,1.0,0.6522,16.31,386.8,0.6167,10718408319.0,386.8,36.0,78.0,2.0,>60 min,0.3114,0.1767,0.6167,0.3931,Optional
167,Langenbek,53.486657,9.949675,3400,1.0,0.3043,24.78,664.0,0.436,2414399032.0,664.0,34.0,198.0,2.0,>60 min,0.008,0.0123,0.436,0.1941,Not recommended
168,Marmstorf,53.44074499999999,9.95617,2900,1.0,0.1739,29.8,222.5,0.7572,344502359.0,222.5,37.0,164.0,3.0,>60 min,0.0323,0.0261,0.7572,0.3426,Optional
169,St. Pauli,53.55841700000001,9.955282,6100,1.0,1.0,16.84,340.8,0.6531,5948715578.0,340.8,30.0,77.0,3.0,>60 min,0.2087,0.1807,0.6531,0.3899,Optional
170,Norderstedt-Garstedt,53.728463,10.015028,2900,1.0,0.3478,2.52,602.2,0.4711,1122509653.0,602.2,11.0,43.0,1.0,30–45 min,0.0545,0.3846,0.4711,0.3565,Optional
171,Eimsbüttel,53.586013,9.946298,5500,1.0,0.6957,13.98,159.8,0.8189,1519693504.0,159.8,24.0,78.0,3.0,>60 min,0.1054,0.1767,0.8189,0.4395,Optional
172,Ohlsdorf,53.620248,10.037221,2800,1.0,0.2174,9.92,255.6,0.7266,554911195.0,255.6,20.0,45.0,1.0,30–45 min,0.2865,0.3679,0.7266,0.5064,Recommend Deutschlandticket
173,Schnelsen,53.635083,9.921783,2900,1.0,0.3043,9.64,337.2,0.6561,5393392547.0,337.2,15.0,79.0,3.0,>60 min,0.014,0.1728,0.6561,0.3498,Optional
174,Norderstedt-Mitte,53.701081,10.013705,3800,1.0,0.5217,0.97,299.0,0.6882,8496131505.0,299.0,6.0,31.0,0.0,30–45 min,0.0155,0.5021,0.6882,0.486,Recommend Deutschlandticket
175,Harvestehude,53.572281,9.992162,4500,1.0,0.4783,15.01,86.6,0.8974,6397975462.0,86.6,33.0,62.0,2.0,>60 min,0.4153,0.2521,0.8974,0.5627,Recommend Deutschlandticket
176,Ottensen,53.544111,9.927788,7500,1.0,0.8261,18.8,96.7,0.8862,2199898785.0,96.7,33.0,134.0,2.0,>60 min,0.0469,0.0509,0.8862,0.4103,Optional
177,Barmbek-Nord,53.599738,10.041559,5600,1.0,0.7826,12.21,118.4,0.8624,6079982761.0,118.4,26.0,54.0,2.0,45–60 min,0.3406,0.3012,0.8624,0.551,Recommend Deutschlandticket
178,Norderstedt-Hudtwalcker,53.715543,9.994184,3100,0.25,0.3043,1.11,229.3,0.7508,1161821063.0,229.3,6.0,24.0,0.0,≤30 min,0.0498,0.5866,0.7508,0.5511,Recommend Deutschlandticket
179,Volksdorf,53.655182,10.191334,2100,1.0,0.1304,13.72,659.5,0.4385,474578938.0,659.5,36.0,247.0,3.0,>60 min,0.0028,0.0041,0.4385,0.1912,Not recommended
180,Rothenburgsort,53.53039,10.044812,4100,1.0,0.6087,19.85,156.6,0.8222,21296547.0,156.6,46.0,99.0,3.0,>60 min,0.3159,0.1108,0.8222,0.4581,Recommend Deutschlandticket
181,Volksdorf,53.638874,10.19535,2100,1.0,0.1304,14.8,819.4,0.3591,13668367282.0,819.4,36.0,231.0,3.0,>60 min,0.0044,0.0059,0.3591,0.1579,Not recommended
182,Volksdorf,53.638105,10.17581,2100,1.0,0.1304,13.76,486.1,0.5446,5508179899.0,486.1,36.0,151.0,3.0,>60 min,0.041,0.0349,0.5446,0.2559,Not recommended
183,Ohlsdorf,53.616047,10.033789,2800,1.0,0.2174,10.33,193.3,0.7853,287057342.0,193.3,22.0,48.0,1.0,45–60 min,0.3067,0.3442,0.7853,0.5269,Recommend Deutschlandticket
184,St. Pauli,53.55711,9.971584,6100,1.0,1.0,16.81,156.1,0.8227,5456797813.0,156.1,32.0,66.0,3.0,>60 min,0.3456,0.2307,0.8227,0.5087,Recommend Deutschlandticket
185,Harburg,53.467561,9.971007,5200,1.0,0.7826,26.73,111.3,0.8701,5695460623.0,111.3,36.0,153.0,2.0,>60 min,0.0388,0.0334,0.8701,0.3952,Optional
186,Farmsen-Berne,53.61249300000001,10.151301,3200,1.0,0.3913,14.38,155.8,0.823,8237684962.0,155.8,34.0,178.0,2.0,>60 min,0.0145,0.0191,0.823,0.3648,Optional
187,Uhlenhorst,53.567547,10.026741,5200,1.0,0.5652,15.6,234.0,0.7464,13013893918.0,234.0,33.0,74.0,3.0,>60 min,0.2887,0.1931,0.7464,0.4506,Recommend Deutschlandticket
188,Groß Flottbek,53.568547,9.886783,2100,1.0,0.087,17.22,180.9,0.7976,2356451229.0,180.9,26.0,100.0,5.0,>60 min,0.0581,0.1084,0.7976,0.3956,Optional
189,Horn,53.55651,10.085467,4900,1.0,0.3478,17.62,296.7,0.6901,4256011797.0,296.7,36.0,91.0,3.0,>60 min,0.217,0.1324,0.6901,0.3896,Optional
190,Schnelsen,53.633512,9.9122,2900,1.0,0.3043,10.14,24.7,0.9696,361552828.0,24.7,19.0,77.0,3.0,>60 min,0.0472,0.1807,0.9696,0.4944,Recommend Deutschlandticket
191,Norderstedt-Mitte,53.717467000000006,10.004272,3800,1.0,0.5217,1.17,266.8,0.7164,4879772860.0,266.8,7.0,36.0,0.0,30–45 min,0.0159,0.4493,0.7164,0.4787,Recommend Deutschlandticket
192,Niendorf,53.617505,9.951727,3200,1.0,0.3478,10.52,173.4,0.8051,1049123715.0,173.4,20.0,60.0,2.0,45–60 min,0.1353,0.2636,0.8051,0.4717,Recommend Deutschlandticket
193,Blankenese,53.569679,9.807033,1800,1.0,0.2174,20.04,160.7,0.818,96629837.0,160.7,37.0,158.0,3.0,>60 min,0.038,0.0299,0.818,0.3713,Optional
194,Langenbek,53.488829,9.950226,3400,1.0,0.3043,24.53,820.3,0.3587,2414399032.0,820.3,35.0,230.0,3.0,>60 min,0.0038,0.006,0.3587,0.1576,Not recommended
195,Harvestehude,53.590413,9.980843,4500,1.0,0.4783,13.06,202.2,0.7767,288256789.0,202.2,26.0,66.0,2.0,>60 min,0.2147,0.2307,0.7767,0.4629,Recommend Deutschlandticket
196,Eppendorf,53.582926,9.98829,6200,1.0,0.8261,13.84,139.8,0.8397,2161074869.0,139.8,30.0,59.0,2.0,45–60 min,0.3803,0.2695,0.8397,0.5373,Recommend Deutschlandticket
197,Marienthal,53.562466,10.097118,5100,1.0,0.4783,17.25,837.9,0.3509,7589465894.0,837.9,38.0,155.0,2.0,>60 min,0.046,0.0319,0.3509,0.1722,Not recommended
198,Allermöhe,53.50690400000001,10.153295,3500,1.0,0.3913,24.39,1490.9,0.1551,5936290430.0,1490.9,48.0,181.0,2.0,>60 min,0.0626,0.0179,0.1551,0.0859,Not recommended
199,Hoheluft-Ost,53.573089,9.97781,5800,0.25,0.6087,15.0,181.8,0.7967,2467433728.0,181.8,34.0,64.0,3.0,>60 min,0.4138,0.2412,0.7967,0.5149,Recommend Deutschlandticket
200,St. Pauli,53.551616,9.964005,6100,1.0,1.0,17.49,232.7,0.7476,6134774954.0,232.7,32.0,70.0,3.0,>60 min,0.305,0.2111,0.7476,0.461,Recommend Deutschlandticket
201,Harburg,53.46804300000001,9.970246,5200,1.0,0.7826,26.68,235.5,0.745,5695460623.0,235.5,36.0,155.0,2.0,>60 min,0.0367,0.0319,0.745,0.3403,Optional
202,Norderstedt-Friedrichsgabe,53.68865400000001,9.991751,2200,1.0,0.1304,2.17,270.8,0.7129,360340561.0,270.8,4.0,20.0,0.0,≤30 min,0.0183,0.6412,0.7129,0.5488,Recommend Deutschlandticket
203,Langenhorn,53.657101,10.011929,3100,1.0,0.3043,5.58,343.7,0.6508,1610039055.0,343.7,13.0,46.0,1.0,45–60 min,0.079,0.3598,0.6508,0.4297,Optional
204,Rotherbaum,53.573086,9.979814,5200,1.0,0.7826,14.98,118.2,0.8626,3950848024.0,118.2,33.0,66.0,3.0,>60 min,0.3679,0.2307,0.8626,0.5303,Recommend Deutschlandticket
205,Altona-Altstadt,53.560979,9.925554,4200,1.0,0.8696,17.04,175.8,0.8027,5496142232.0,175.8,25.0,90.0,4.0,>60 min,0.0743,0.1353,0.8027,0.411,Optional
206,Lokstedt,53.601603,9.958976,4800,1.0,0.4348,12.09,365.6,0.6332,1578177705.0,365.6,26.0,72.0,4.0,>60 min,0.1705,0.2019,0.6332,0.3816,Optional
207,Rotherbaum,53.57452900000001,9.975171,5200,1.0,0.7826,14.86,219.8,0.7598,3453773193.0,219.8,32.0,63.0,3.0,>60 min,0.3796,0.2466,0.7598,0.4942,Recommend Deutschlandticket
208,Billstedt,53.53178000000001,10.093696,6200,0.25,0.7826,20.4,92.8,0.8905,6278409650.0,92.8,44.0,160.0,2.0,>60 min,0.0716,0.0286,0.8905,0.4087,Optional
209,Blankenese,53.564642000000006,9.801433,1800,1.0,0.2174,20.71,102.5,0.8797,287875669.0,102.5,37.0,148.0,3.0,>60 min,0.0498,0.0373,0.8797,0.403,Optional
210,Langenhorn,53.65785500000001,9.992757,3100,1.0,0.3043,5.51,700.3,0.4167,1610066969.0,700.3,12.0,47.0,1.0,45–60 min,0.0541,0.3519,0.4167,0.3209,Optional
211,Billbrook,53.52686800000001,10.06875,3800,0.25,0.5652,20.52,12.5,0.9844,5643903947.0,12.5,44.0,101.0,3.0,>60 min,0.2738,0.106,0.9844,0.5179,Recommend Deutschlandticket
212,Wandsbek,53.55724,10.07313,5900,0.25,0.9565,17.3,437.7,0.5786,336031562.0,437.7,43.0,94.0,4.0,>60 min,0.3054,0.1238,0.5786,0.3559,Optional
213,Hoheluft-Ost,53.585236,9.972542,5800,0.25,0.6087,13.7,131.4,0.8486,12703149817.0,131.4,28.0,67.0,4.0,>60 min,0.2484,0.2256,0.8486,0.4987,Recommend Deutschlandticket
214,Heimfeld,53.476386,9.948725,3800,1.0,0.4348,25.92,166.7,0.8119,5758449277.0,166.7,35.0,176.0,2.0,>60 min,0.0178,0.02,0.8119,0.361,Optional
215,Hamm,53.555223,10.044374,5400,1.0,0.6522,17.11,85.8,0.8983,345002598.0,85.8,40.0,81.0,3.0,>60 min,0.3588,0.1653,0.8983,0.5197,Recommend Deutschlandticket
216,Horn,53.564531,10.085267,4900,1.0,0.3478,16.76,530.3,0.5154,6128819453.0,530.3,36.0,92.0,3.0,>60 min,0.2111,0.1295,0.5154,0.312,Optional
217,Rotherbaum,53.573112,9.989755,5200,1.0,0.7826,14.93,56.1,0.9323,490567614.0,56.1,33.0,60.0,2.0,45–60 min,0.4412,0.2636,0.9323,0.5871,Recommend Deutschlandticket
218,Blankenese,53.55084300000001,9.798964,1800,1.0,0.2174,22.01,151.2,0.8278,91891167.0,151.2,43.0,167.0,3.0,>60 min,0.0559,0.0245,0.8278,0.3771,Optional
219,Norderstedt-Mitte,53.707109,9.993998,3800,1.0,0.5217,0.59,118.8,0.862,1605800106.0,118.8,3.0,14.0,0.0,≤30 min,0.0256,0.7326,0.862,0.6484,Recommend Deutschlandticket
220,Barmbek-Süd,53.58512,10.045885,6400,0.25,0.8696,13.86,196.5,0.7822,417016471.0,196.5,31.0,65.0,2.0,>60 min,0.3339,0.2359,0.7822,0.4908,Recommend Deutschlandticket
221,St. Pauli,53.544725,9.973427,6100,1.0,1.0,18.17,129.1,0.851,9460477324.0,129.1,38.0,70.0,3.0,>60 min,0.4308,0.2111,0.851,0.5305,Recommend Deutschlandticket
222,Fuhlsbüttel,53.630633,10.015631,2400,1.0,0.2609,8.54,316.0,0.6737,356299388.0,316.0,16.0,46.0,2.0,45–60 min,0.1534,0.3598,0.6737,0.4543,Recommend Deutschlandticket
223,Farmsen-Berne,53.623038,10.139498,3200,1.0,0.3913,12.99,218.7,0.7608,10943992092.0,218.7,32.0,99.0,2.0,>60 min,0.1232,0.1108,0.7608,0.3935,Optional
224,Norderstedt-Garstedt,53.720677,10.036525,2900,1.0,0.3478,2.69,984.2,0.2922,5317323637.0,984.2,11.0,47.0,1.0,45–60 min,0.0379,0.3519,0.2922,0.264,Not recommended
225,Eimsbüttel,53.57779100000001,9.944308,5500,1.0,0.6957,14.9,252.6,0.7292,301704270.0,252.6,23.0,79.0,3.0,>60 min,0.0876,0.1728,0.7292,0.3958,Optional
226,Duvenstedt,53.71721899999999,10.084016,1600,0.0,0.0435,5.47,645.9,0.446,667060730.0,645.9,15.0,45.0,1.0,30–45 min,0.1353,0.3679,0.446,0.3555,Optional
227,Altona-Nord,53.552155000000006,9.95003,6800,0.25,0.913,17.59,329.8,0.6621,287892666.0,329.8,32.0,77.0,4.0,>60 min,0.2451,0.1807,0.6621,0.401,Optional
228,Dulsberg,53.57040500000001,10.055201,6800,0.25,0.7391,15.59,222.8,0.7569,1094105235.0,222.8,38.0,74.0,2.0,>60 min,0.3878,0.1931,0.7569,0.4747,Recommend Deutschlandticket
229,Jenfeld,53.57700500000001,10.136521,4800,1.0,0.5217,16.95,66.9,0.9198,448599772.0,66.9,44.0,101.0,3.0,>60 min,0.2738,0.106,0.9198,0.4901,Recommend Deutschlandticket
230,Othmarschen,53.555274,9.891818,2800,1.0,0.1739,18.42,64.0,0.9231,337604140.0,64.0,24.0,128.0,3.0,>60 min,0.0131,0.0582,0.9231,0.4222,Optional
231,Rotherbaum,53.55648299999999,9.986738,5200,1.0,0.7826,16.79,290.7,0.6953,5257886401.0,290.7,33.0,65.0,2.0,>60 min,0.3792,0.2359,0.6953,0.4623,Recommend Deutschlandticket
232,Barmbek-Nord,53.59323199999999,10.050705,5600,1.0,0.7826,13.05,137.2,0.8424,6126311039.0,137.2,25.0,63.0,2.0,>60 min,0.2187,0.2466,0.8424,0.498,Recommend Deutschlandticket
233,Norderstedt-Garstedt,53.722795,10.026872,2900,1.0,0.3478,2.36,266.6,0.7166,5317323637.0,266.6,8.0,37.0,1.0,30–45 min,0.0266,0.4395,0.7166,0.4772,Recommend Deutschlandticket
234,Wandsbek,53.578574,10.088582,5900,0.25,0.9565,15.37,101.2,0.8811,303845755.0,101.2,35.0,88.0,3.0,>60 min,0.22,0.1415,0.8811,0.4759,Recommend Deutschlandticket
235,Norderstedt-Mitte,53.7072,9.994563,3800,1.0,0.5217,0.56,182.6,0.7959,1605800106.0,182.6,5.0,13.0,0.0,≤30 min,0.2019,0.7491,0.7959,0.6609,Recommend Deutschlandticket
236,Heimfeld,53.46738000000001,9.952697,3800,1.0,0.4348,26.88,498.4,0.5363,5961392026.0,498.4,34.0,161.0,2.0,>60 min,0.0239,0.0279,0.5363,0.2463,Not recommended
237,Alsterdorf,53.59921800000001,10.000861,3900,1.0,0.3478,12.0,358.2,0.6391,295251675.0,358.2,26.0,57.0,2.0,45–60 min,0.3035,0.2818,0.6391,0.4401,Optional
238,Harburg,53.453313,9.969674,5200,1.0,0.7826,28.32,473.4,0.5533,344506717.0,473.4,39.0,157.0,2.0,>60 min,0.0485,0.0305,0.5533,0.2595,Not recommended
239,Altona-Altstadt,53.551664,9.93327,4200,1.0,0.8696,17.89,32.4,0.9604,1454704284.0,32.4,32.0,72.0,4.0,>60 min,0.2865,0.2019,0.9604,0.5457,Recommend Deutschlandticket
240,Othmarschen,53.549883,9.888231,2800,1.0,0.1739,19.06,172.0,0.8066,6258610811.0,172.0,27.0,137.0,3.0,>60 min,0.017,0.0476,0.8066,0.3688,Optional
241,Langenbek,53.471223,9.942811,3400,1.0,0.3043,26.54,131.9,0.848,344479065.0,131.9,32.0,159.0,2.0,>60 min,0.0189,0.0292,0.848,0.3802,Optional
242,Heimfeld,53.463609,9.957119,3800,1.0,0.4348,27.26,96.4,0.8865,290134469.0,96.4,35.0,156.0,3.0,>60 min,0.0315,0.0312,0.8865,0.4,Optional
243,Niendorf,53.61604200000001,9.933865,3200,1.0,0.3478,11.11,950.1,0.3049,660732892.0,950.1,20.0,77.0,2.0,>60 min,0.0578,0.1807,0.3049,0.2099,Not recommended
244,Groß Borstel,53.585414,9.974379,4500,0.25,0.3913,13.66,255.9,0.7262,3547825339.0,255.9,28.0,69.0,3.0,>60 min,0.2312,0.2158,0.7262,0.4389,Optional
245,Marienthal,53.55957900000001,10.096739,5100,1.0,0.4783,17.54,309.2,0.6794,7589729429.0,309.2,44.0,150.0,2.0,>60 min,0.0899,0.0357,0.6794,0.324,Optional
246,Allermöhe,53.511551,10.169848,3500,1.0,0.3913,24.4,624.8,0.4579,11524596225.0,624.8,47.0,165.0,2.0,>60 min,0.0812,0.0256,0.4579,0.223,Not recommended
247,Marienthal,53.553589,10.098658,5100,1.0,0.4783,18.21,105.1,0.8769,7589671224.0,105.1,40.0,96.0,3.0,>60 min,0.2466,0.1184,0.8769,0.4708,Recommend Deutschlandticket
248,Barmbek-Süd,53.583179,10.046898,6400,0.25,0.8696,14.08,78.2,0.9069,6505761045.0,78.2,29.0,68.0,2.0,>60 min,0.2606,0.2207,0.9069,0.5244,Recommend Deutschlandticket
249,Uhlenhorst,53.575024,10.028354,5200,1.0,0.5652,14.78,328.7,0.6631,8731310261.0,328.7,30.0,80.0,3.0,>60 min,0.1889,0.169,0.6631,0.386,Optional
250,Barmbek-Nord,53.59830600000001,10.036656,5600,1.0,0.7826,12.3,21.4,0.9736,4012657696.0,21.4,24.0,60.0,2.0,45–60 min,0.2231,0.2636,0.9736,0.5617,Recommend Deutschlandticket
251,Rahlstedt,53.607274,10.160681,3600,1.0,0.6522,15.23,378.3,0.6232,2360193161.0,378.3,39.0,162.0,2.0,>60 min,0.0427,0.0273,0.6232,0.2873,Not recommended
252,Lohbrügge,53.498087,10.205105,3200,1.0,0.3478,26.83,246.0,0.7353,336374340.0,246.0,52.0,174.0,2.0,>60 min,0.0957,0.0209,0.7353,0.3438,Optional
253,Winterhude,53.599197,10.000487,4800,1.0,0.6087,12.0,382.6,0.6198,295251675.0,382.6,26.0,57.0,2.0,45–60 min,0.3035,0.2818,0.6198,0.4318,Optional
254,Niendorf,53.626097,9.940547,3200,1.0,0.3478,9.91,367.2,0.6319,1706423559.0,367.2,19.0,57.0,2.0,45–60 min,0.1353,0.2818,0.6319,0.4037,Optional
255,Niendorf,53.60878100000001,9.944859,3200,1.0,0.3478,11.59,947.5,0.306,258080408.0,947.5,28.0,84.0,4.0,>60 min,0.1353,0.1546,0.306,0.2161,Not recommended
256,Horn,53.566208,10.064729,4900,1.0,0.3478,16.19,548.9,0.5035,6208026621.0,548.9,37.0,80.0,2.0,>60 min,0.3128,0.169,0.5035,0.3417,Optional
257,Marmstorf,53.432735,9.954334,2900,1.0,0.1739,30.69,1111.5,0.2492,3567220227.0,1111.5,42.0,175.0,3.0,>60 min,0.0421,0.0205,0.2492,0.1234,Not recommended
258,Othmarschen,53.544152,9.881019,2800,1.0,0.1739,19.84,938.6,0.3094,6148360137.0,938.6,27.0,155.0,3.0,>60 min,0.0087,0.0319,0.3094,0.147,Not recommended
259,Ottensen,53.557825,9.920533,7500,1.0,0.8261,17.48,263.4,0.7194,5901964557.0,263.4,26.0,94.0,4.0,>60 min,0.0731,0.1238,0.7194,0.3706,Optional
260,Wandsbek,53.57585200000001,10.073352,5900,0.25,0.9565,15.32,107.7,0.8741,6125403593.0,107.7,32.0,86.0,2.0,>60 min,0.185,0.1479,0.8741,0.4684,Recommend Deutschlandticket
261,Rotherbaum,53.561934,9.993557,5200,1.0,0.7826,16.16,186.8,0.7918,1502029203.0,186.8,36.0,68.0,2.0,>60 min,0.4111,0.2207,0.7918,0.5046,Recommend Deutschlandticket
262,Langenbek,53.48042,9.936687,3400,1.0,0.3043,25.6,1409.6,0.1717,5757290056.0,1409.6,33.0,176.0,2.0,>60 min,0.0131,0.02,0.1717,0.0841,Not recommended
263,St. Pauli,53.549758,9.955872,6100,1.0,1.0,17.78,49.4,0.9401,5856068648.0,49.4,32.0,70.0,4.0,>60 min,0.305,0.2111,0.9401,0.544,Recommend Deutschlandticket
264,Rotherbaum,53.576891,9.996002,5200,1.0,0.7826,14.49,239.9,0.7409,335626857.0,239.9,32.0,69.0,2.0,>60 min,0.3147,0.2158,0.7409,0.4618,Recommend Deutschlandticket
265,Sasel,53.643463,10.121531,2700,1.0,0.3043,10.55,78.4,0.9067,1726415130.0,78.4,26.0,139.0,3.0,>60 min,0.013,0.0456,0.9067,0.4104,Optional
266,Harvestehude,53.58693,9.994504,4500,1.0,0.4783,13.38,348.6,0.6468,5943781979.0,348.6,28.0,59.0,2.0,45–60 min,0.3305,0.2695,0.6468,0.4443,Optional
267,Eimsbüttel,53.57838100000001,9.952308,5500,1.0,0.6957,14.7,186.9,0.7917,10646610007.0,186.9,25.0,77.0,3.0,>60 min,0.1249,0.1807,0.7917,0.4331,Optional
268,Harvestehude,53.575017,9.978257,4500,1.0,0.4783,14.78,277.4,0.7070000000000001,3144002032.0,277.4,31.0,63.0,3.0,>60 min,0.3562,0.2466,0.7070000000000001,0.4668,Recommend Deutschlandticket
269,Blankenese,53.54993,9.810602,1800,1.0,0.2174,21.62,638.6,0.4501,91891167.0,638.6,38.0,165.0,3.0,>60 min,0.0354,0.0256,0.4501,0.2105,Not recommended
270,Altona-Altstadt,53.55707099999999,9.926982,4200,1.0,0.8696,17.43,264.6,0.7183,582687464.0,264.6,27.0,94.0,4.0,>60 min,0.0836,0.1238,0.7183,0.3722,Optional
271,Ottensen,53.55334300000001,9.936739,7500,1.0,0.8261,17.65,286.9,0.6987,1686600814.0,286.9,32.0,73.0,4.0,>60 min,0.2777,0.1975,0.6987,0.4295,Optional
272,Eppendorf,53.603768,9.993138,6200,1.0,0.8261,11.51,277.2,0.7071,1599013611.0,277.2,23.0,60.0,2.0,45–60 min,0.2001,0.2636,0.7071,0.4423,Optional
273,Ottensen,53.550758,9.916398,7500,1.0,0.8261,18.31,166.9,0.8117,336214852.0,166.9,26.0,99.0,3.0,>60 min,0.0603,0.1108,0.8117,0.403,Optional
274,Wandsbek,53.55792099999999,10.082422,5900,0.25,0.9565,17.4,212.1,0.7671,6128819451.0,212.1,36.0,88.0,3.0,>60 min,0.2359,0.1415,0.7671,0.4299,Optional
275,Billstedt,53.536411,10.111128,6200,0.25,0.7826,20.29,207.7,0.7713,5515175709.0,207.7,45.0,99.0,4.0,>60 min,0.3012,0.1108,0.7713,0.4333,Optional
276,Uhlenhorst,53.563616,10.029264,5200,1.0,0.5652,16.05,198.1,0.7807,26678614.0,198.1,34.0,76.0,2.0,>60 min,0.2907,0.1847,0.7807,0.4627,Recommend Deutschlandticket
277,St. Pauli,53.56276999999999,9.957342,6100,1.0,1.0,16.33,269.6,0.7139,303536278.0,269.6,29.0,75.0,3.0,>60 min,0.2047,0.1889,0.7139,0.4184,Optional
278,Langenhorn,53.641588,9.989072,3100,1.0,0.3043,7.34,937.9,0.3096,345544871.0,937.9,16.0,67.0,1.0,>60 min,0.0413,0.2256,0.3096,0.2253,Not recommended
279,Allermöhe,53.507765,10.160009,3500,1.0,0.3913,24.49,369.9,0.6298,5936290430.0,369.9,48.0,175.0,2.0,>60 min,0.0709,0.0205,0.6298,0.2932,Not recommended
280,Bergedorf,53.487839,10.217075,2800,1.0,0.5217,28.21,225.8,0.754,5499567552.0,225.8,55.0,180.0,2.0,>60 min,0.103,0.0183,0.754,0.3523,Optional
281,Altona-Nord,53.553848,9.935019,6800,0.25,0.913,17.63,85.3,0.8989,1686600811.0,85.3,29.0,73.0,4.0,>60 min,0.2193,0.1975,0.8989,0.5042,Recommend Deutschlandticket
282,Eppendorf,53.595302,9.993246,6200,1.0,0.8261,12.45,368.8,0.6306,286529865.0,368.8,26.0,58.0,2.0,45–60 min,0.2921,0.2756,0.6306,0.4319,Optional
283,Niendorf,53.622085,9.94858,3200,1.0,0.3478,10.11,388.0,0.6157,1049060420.0,388.0,19.0,59.0,2.0,45–60 min,0.1218,0.2695,0.6157,0.3895,Optional
284,Schnelsen,53.617395,9.92131,2900,1.0,0.3043,11.34,1283.5,0.201,345127272.0,1283.5,24.0,152.0,3.0,>60 min,0.0048,0.0341,0.201,0.1003,Not recommended
285,Bramfeld,53.608949,10.081799,4200,1.0,0.4348,12.09,102.0,0.8803,5763812288.0,102.0,30.0,69.0,3.0,>60 min,0.2725,0.2158,0.8803,0.5135,Recommend Deutschlandticket
286,Barmbek-Süd,53.590267,10.036123,6400,0.25,0.8696,13.18,24.4,0.97,11131958396.0,24.4,26.0,68.0,2.0,>60 min,0.1988,0.2207,0.97,0.5394,Recommend Deutschlandticket
287,Ottensen,53.558447,9.924582,7500,1.0,0.8261,17.33,324.2,0.6668,5496142230.0,324.2,27.0,94.0,4.0,>60 min,0.0836,0.1238,0.6668,0.35,Optional
288,Uhlenhorst,53.572115,10.038448,5200,1.0,0.5652,15.19,61.6,0.9259,297073007.0,61.6,30.0,73.0,3.0,>60 min,0.2385,0.1975,0.9259,0.5197,Recommend Deutschlandticket
289,Groß Borstel,53.59409100000001,9.984829,4500,0.25,0.3913,12.62,175.6,0.8029999999999999,5944014437.0,175.6,28.0,65.0,2.0,>60 min,0.2668,0.2359,0.8029999999999999,0.4865,Recommend Deutschlandticket
290,Othmarschen,53.548174,9.893407,2800,1.0,0.1739,19.11,324.0,0.667,337604825.0,324.0,26.0,138.0,3.0,>60 min,0.0135,0.0466,0.667,0.3075,Optional
291,Langenbek,53.478754,9.944972,3400,1.0,0.3043,25.69,494.0,0.5393,5758449277.0,494.0,36.0,179.0,2.0,>60 min,0.0188,0.0187,0.5393,0.2432,Not recommended
292,Ottensen,53.549565,9.91552,7500,1.0,0.8261,18.45,139.9,0.8395,1528659456.0,139.9,28.0,97.0,3.0,>60 min,0.0851,0.1158,0.8395,0.4218,Optional
293,Duvenstedt,53.71114,10.105016,1600,0.0,0.0435,6.75,272.4,0.7114,3215072695.0,272.4,18.0,248.0,3.0,>60 min,0.0,0.004,0.7114,0.3082,Optional
294,Groß Flottbek,53.573133,9.88726,2100,1.0,0.087,16.75,77.8,0.9074,336206105.0,77.8,25.0,95.0,4.0,>60 min,0.0608,0.1211,0.9074,0.4482,Optional
295,Bergedorf,53.476596,10.207598,2800,1.0,0.5217,29.0,238.2,0.7425,5311239378.0,238.2,55.0,195.0,2.0,>60 min,0.0784,0.0131,0.7425,0.3405,Optional
296,Poppenbüttel,53.65675699999999,10.095259,2400,1.0,0.2609,8.27,174.4,0.8042,467077878.0,174.4,20.0,65.0,2.0,>60 min,0.1054,0.2359,0.8042,0.4551,Recommend Deutschlandticket
297,Norderstedt-Friedrichsgabe,53.700363,9.980381,2200,1.0,0.1304,1.67,365.1,0.6336,455484616.0,365.1,3.0,11.0,0.0,≤30 min,0.0695,0.7831,0.6336,0.5774,Recommend Deutschlandticket
298,Heimfeld,53.462673,9.943176,3800,1.0,0.4348,27.48,141.4,0.838,5696143089.0,141.4,36.0,158.0,3.0,>60 min,0.0337,0.0299,0.838,0.3791,Optional
299,Harburg,53.46121,9.979873,5200,1.0,0.7826,27.4,92.6,0.8907,289398627.0,92.6,39.0,143.0,2.0,>60 min,0.0695,0.0417,0.8907,0.4133,Optional
300,Rahlstedt,53.600889,10.166563,3600,1.0,0.6522,16.01,648.1,0.4448,6041839828.0,648.1,42.0,166.0,2.0,>60 min,0.0522,0.025,0.4448,0.2114,Not recommended
301,Harburg,53.464274,9.97446,5200,1.0,0.7826,27.08,256.2,0.7259,5687036843.0,256.2,39.0,152.0,2.0,>60 min,0.0552,0.0341,0.7259,0.3366,Optional
302,Rotherbaum,53.570297,9.99468,5200,1.0,0.7826,15.22,218.6,0.7609,412741960.0,218.6,33.0,66.0,2.0,>60 min,0.3679,0.2307,0.7609,0.4865,Recommend Deutschlandticket
303,Dulsberg,53.584768,10.076117,6800,0.25,0.7391,14.44,162.7,0.816,91851786.0,162.7,31.0,88.0,3.0,>60 min,0.159,0.1415,0.816,0.4358,Optional
304,Ohlsdorf,53.608738,10.038803,2800,1.0,0.2174,11.19,528.7,0.5164,2788916324.0,528.7,22.0,52.0,2.0,45–60 min,0.2557,0.3149,0.5164,0.3901,Optional
305,Lohbrügge,53.496562,10.200578,3200,1.0,0.3478,26.83,246.0,0.7353,1322261612.0,246.0,51.0,176.0,2.0,>60 min,0.0862,0.02,0.7353,0.3415,Optional
306,Alsterdorf,53.611698,10.011274,3900,1.0,0.3478,10.62,246.8,0.7345,6139009389.0,246.8,18.0,59.0,2.0,45–60 min,0.1025,0.2695,0.7345,0.4369,Optional
307,Uhlenhorst,53.58363000000001,10.041276,5200,1.0,0.5652,13.96,79.2,0.9058,3834914576.0,79.2,28.0,67.0,2.0,>60 min,0.2484,0.2256,0.9058,0.5234,Recommend Deutschlandticket
308,Rahlstedt,53.60361,10.149917,3600,1.0,0.6522,15.06,219.4,0.7602,9350843836.0,219.4,36.0,164.0,2.0,>60 min,0.0286,0.0261,0.7602,0.3431,Optional
309,Stellingen,53.588316000000006,9.931,4100,0.25,0.3913,14.04,184.9,0.7936,2471006828.0,184.9,20.0,79.0,4.0,>60 min,0.0523,0.1728,0.7936,0.4166,Optional
310,Rotherbaum,53.553983,9.975973,5200,1.0,0.7826,17.12,304.5,0.6834,337293173.0,304.5,34.0,73.0,3.0,>60 min,0.3176,0.1975,0.6834,0.4308,Optional
311,Alsterdorf,53.607753,10.016656,3900,1.0,0.3478,11.08,394.6,0.6106,482893800.0,394.6,20.0,53.0,2.0,45–60 min,0.192,0.308,0.6106,0.4155,Optional
312,Barmbek-Nord,53.597159,10.051653,5600,1.0,0.7826,12.64,284.4,0.7009,5763633008.0,284.4,28.0,65.0,2.0,>60 min,0.2668,0.2359,0.7009,0.4425,Optional
313,Niendorf,53.615878,9.95647,3200,1.0,0.3478,10.6,508.3,0.5297,258080408.0,508.3,22.0,69.0,2.0,>60 min,0.1181,0.2158,0.5297,0.3318,Optional
314,Hohenfelde,53.558036,10.022048,5800,1.0,0.6522,16.63,227.2,0.7528,6148360169.0,227.2,37.0,72.0,2.0,>60 min,0.3883,0.2019,0.7528,0.4763,Recommend Deutschlandticket
315,Hohenfelde,53.575249,10.016331,5800,1.0,0.6522,14.69,200.3,0.7785,1412965792.0,200.3,32.0,73.0,3.0,>60 min,0.2777,0.1975,0.7785,0.4639,Recommend Deutschlandticket
316,Sternschanze,53.570742,9.975193,7200,0.25,0.8261,15.28,255.1,0.727,418858074.0,255.1,30.0,67.0,3.0,>60 min,0.2913,0.2256,0.727,0.4548,Recommend Deutschlandticket
317,Uhlenhorst,53.56894499999999,10.018887,5200,1.0,0.5652,15.4,244.0,0.7371,335695552.0,244.0,33.0,79.0,3.0,>60 min,0.2481,0.1728,0.7371,0.431,Optional
318,Billstedt,53.528623,10.094169,6200,0.25,0.7826,20.75,77.9,0.9072,6076965719.0,77.9,44.0,163.0,2.0,>60 min,0.0669,0.0267,0.9072,0.4143,Optional
319,Eimsbüttel,53.58011800000001,9.959207,5500,1.0,0.6957,14.42,296.9,0.6899,5688077624.0,296.9,27.0,76.0,3.0,>60 min,0.1629,0.1847,0.6899,0.3982,Optional
320,Norderstedt-Mitte,53.715771,10.009569,3800,1.0,0.5217,1.07,36.0,0.956,251002162.0,36.0,6.0,35.0,0.0,30–45 min,0.008,0.4594,0.956,0.5841,Recommend Deutschlandticket
321,Sasel,53.655221,10.120746,2700,1.0,0.3043,9.68,107.5,0.8743,1468319522.0,107.5,25.0,71.0,2.0,>60 min,0.1588,0.2064,0.8743,0.485,Recommend Deutschlandticket
322,Fuhlsbüttel,53.631629,9.999175,2400,1.0,0.2609,8.39,320.2,0.6702,6178112069.0,320.2,21.0,56.0,1.0,45–60 min,0.1889,0.2881,0.6702,0.4332,Optional
323,Sternschanze,53.571595,9.967926,7200,0.25,0.8261,15.25,193.9,0.7848,428242295.0,193.9,29.0,66.0,3.0,>60 min,0.2792,0.2307,0.7848,0.4792,Recommend Deutschlandticket
324,Dulsberg,53.578351,10.053108,6800,0.25,0.7391,14.7,277.1,0.7073,277969865.0,277.1,37.0,77.0,2.0,>60 min,0.3392,0.1807,0.7073,0.4391,Optional
325,Bergedorf,53.476711,10.219255,2800,1.0,0.5217,29.36,1894.8,0.0936,339596197.0,1894.8,60.0,209.0,2.0,>60 min,0.0835,0.0096,0.0936,0.0604,Not recommended
326,Rahlstedt,53.60749499999999,10.152633,3600,1.0,0.6522,14.85,329.6,0.6623,5725360975.0,329.6,35.0,165.0,2.0,>60 min,0.0244,0.0256,0.6623,0.2999,Not recommended
327,Heimfeld,53.46170400000001,9.959119,3800,1.0,0.4348,27.46,480.1,0.5487,5671413005.0,480.1,36.0,159.0,3.0,>60 min,0.0328,0.0292,0.5487,0.2539,Not recommended
328,Groß Borstel,53.58835300000001,9.983467,4500,0.25,0.3913,13.27,273.9,0.7101,335406474.0,273.9,27.0,65.0,2.0,>60 min,0.2448,0.2359,0.7101,0.4421,Optional
329,Jenfeld,53.573175,10.13348,4800,1.0,0.5217,17.21,319.0,0.6712,339408780.0,319.0,44.0,96.0,3.0,>60 min,0.3067,0.1184,0.6712,0.394,Optional
330,Eimsbüttel,53.572527,9.957168,5500,1.0,0.6957,15.27,87.8,0.8959999999999999,13046726478.0,87.8,27.0,73.0,3.0,>60 min,0.182,0.1975,0.8959999999999999,0.4956,Recommend Deutschlandticket
331,Horn,53.567277,10.069596,4900,1.0,0.3478,16.16,477.7,0.5504,21361188.0,477.7,36.0,88.0,3.0,>60 min,0.2359,0.1415,0.5504,0.3365,Optional
332,Hoheluft-Ost,53.568035,9.962502,5800,0.25,0.6087,15.7,250.3,0.7313,5257905676.0,250.3,31.0,68.0,3.0,>60 min,0.3031,0.2207,0.7313,0.4572,Recommend Deutschlandticket
333,Billbrook,53.543223,10.061206,3800,0.25,0.5652,18.63,239.6,0.7412,344714524.0,239.6,43.0,149.0,2.0,>60 min,0.085,0.0365,0.7412,0.3499,Optional
334,Lohbrügge,53.50997,10.202378,3200,1.0,0.3478,25.59,110.9,0.8705,6425804889.0,110.9,51.0,165.0,2.0,>60 min,0.107,0.0256,0.8705,0.406,Optional
335,Rotherbaum,53.562791,9.980113,5200,1.0,0.7826,16.12,380.6,0.6214,8795902465.0,380.6,30.0,71.0,2.0,>60 min,0.255,0.2064,0.6214,0.395,Optional
336,Marienthal,53.559797,10.086284,5100,1.0,0.4783,17.28,438.7,0.5779,6128819451.0,438.7,39.0,91.0,3.0,>60 min,0.2636,0.1324,0.5779,0.3504,Optional
337,Groß Flottbek,53.581821,9.906942,2100,1.0,0.087,15.31,615.2,0.4635,1605247892.0,615.2,25.0,136.0,3.0,>60 min,0.0118,0.0487,0.4635,0.2202,Not recommended
338,Hamm,53.54541700000001,10.057285,5400,1.0,0.6522,18.34,210.5,0.7687,280810748.0,210.5,48.0,151.0,2.0,>60 min,0.117,0.0349,0.7687,0.3675,Optional
339,Bahrenfeld,53.562926,9.914967,3200,1.0,0.4348,17.06,330.7,0.6614,3481064447.0,330.7,25.0,91.0,4.0,>60 min,0.0714,0.1324,0.6614,0.3484,Optional
340,Norderstedt-Mitte,53.703769,9.994225,3800,1.0,0.5217,0.68,201.4,0.7774,458783866.0,201.4,2.0,14.0,0.0,≤30 min,0.0025,0.7326,0.7774,0.6074,Recommend Deutschlandticket
341,Rotherbaum,53.557847,9.974612,5200,1.0,0.7826,16.71,168.8,0.8098,1586118346.0,168.8,32.0,70.0,3.0,>60 min,0.305,0.2111,0.8098,0.4878,Recommend Deutschlandticket
342,Norderstedt-Garstedt,53.71687900000001,10.013424,2900,1.0,0.3478,1.3,452.8,0.5678,726598451.0,452.8,7.0,36.0,1.0,30–45 min,0.0159,0.4493,0.5678,0.4146,Optional
343,Heimfeld,53.464239,9.958229,3800,1.0,0.4348,27.18,36.0,0.9559,983823427.0,36.0,35.0,154.0,3.0,>60 min,0.0334,0.0326,0.9559,0.4309,Optional
344,Wandsbek,53.579021,10.083089,5900,0.25,0.9565,15.2,234.5,0.7459,6125403598.0,234.5,35.0,90.0,3.0,>60 min,0.2077,0.1353,0.7459,0.4129,Optional
345,Harburg,53.45898100000001,9.981047,5200,1.0,0.7826,27.64,144.0,0.8352,5541168128.0,144.0,40.0,143.0,2.0,>60 min,0.0762,0.0417,0.8352,0.3906,Optional
346,Heimfeld,53.477528,9.949829,3800,1.0,0.4348,25.78,276.7,0.7076,5758449277.0,276.7,34.0,174.0,2.0,>60 min,0.0163,0.0209,0.7076,0.3161,Optional
347,Norderstedt-Mitte,53.702808,9.996642,3800,1.0,0.5217,0.63,291.0,0.6951,458783866.0,291.0,4.0,16.0,0.0,≤30 min,0.0498,0.7008,0.6951,0.5694,Recommend Deutschlandticket
348,Schnelsen,53.62870899999999,9.924818,2900,1.0,0.3043,10.13,180.2,0.7983,10816584946.0,180.2,17.0,66.0,2.0,>60 min,0.056,0.2307,0.7983,0.4408,Optional
349,Wandsbek,53.57017800000001,10.090816,5900,0.25,0.9565,16.3,174.5,0.8041,2594409152.0,174.5,37.0,91.0,3.0,>60 min,0.2324,0.1324,0.8041,0.4418,Optional
350,Groß Flottbek,53.572185,9.898683,2100,1.0,0.087,16.51,189.5,0.7891,322550840.0,189.5,25.0,92.0,4.0,>60 min,0.0686,0.1295,0.7891,0.4018,Optional
351,Marienthal,53.55374000000001,10.088793,5100,1.0,0.4783,17.98,118.5,0.8623,307775086.0,118.5,39.0,89.0,4.0,>60 min,0.2775,0.1384,0.8623,0.478,Recommend Deutschlandticket
352,Eppendorf,53.600984,9.976731,6200,1.0,0.8261,11.93,221.1,0.7585,2390969033.0,221.1,24.0,75.0,3.0,>60 min,0.1194,0.1889,0.7585,0.4207,Optional
353,Bramfeld,53.609476,10.079798,4200,1.0,0.4348,11.98,57.2,0.9309999999999999,5763812289.0,57.2,30.0,67.0,3.0,>60 min,0.2913,0.2256,0.9309999999999999,0.5428,Recommend Deutschlandticket
354,Bramfeld,53.614812,10.092007,4200,1.0,0.4348,11.83,474.3,0.5527,5763633044.0,474.3,31.0,171.0,2.0,>60 min,0.0109,0.0224,0.5527,0.2488,Not recommended
355,Alsterdorf,53.60743000000001,10.008521,3900,1.0,0.3478,11.09,185.0,0.7936,6176548855.0,185.0,21.0,53.0,2.0,45–60 min,0.2179,0.308,0.7936,0.4995,Recommend Deutschlandticket
356,Groß Borstel,53.59619,9.986873,4500,0.25,0.3913,12.38,119.0,0.8618,288255101.0,119.0,26.0,61.0,2.0,>60 min,0.2602,0.2578,0.8618,0.5187,Recommend Deutschlandticket
357,Rothenburgsort,53.537661,10.052551,4100,1.0,0.6087,19.13,84.3,0.9,6341302861.0,84.3,44.0,141.0,2.0,>60 min,0.1103,0.0436,0.9,0.426,Optional
358,Heimfeld,53.460444,9.961902,3800,1.0,0.4348,27.58,472.2,0.5542,6289505945.0,472.2,38.0,155.0,3.0,>60 min,0.046,0.0319,0.5542,0.2599,Not recommended
359,Fuhlsbüttel,53.62844499999999,10.011492,2400,1.0,0.2609,8.76,141.4,0.838,6214805384.0,141.4,18.0,55.0,1.0,45–60 min,0.128,0.2946,0.838,0.4959,Recommend Deutschlandticket
360,Marienthal,53.568928,10.09867,5100,1.0,0.4783,16.62,265.9,0.7172,339408753.0,265.9,37.0,88.0,3.0,>60 min,0.252,0.1415,0.7172,0.4116,Optional
361,Norderstedt-Mitte,53.70539100000001,10.003306,3800,1.0,0.5217,0.18,154.3,0.8245,726615347.0,154.3,4.0,25.0,0.0,≤30 min,0.0052,0.5738,0.8245,0.5693,Recommend Deutschlandticket
362,Blankenese,53.569035,9.79886,1800,1.0,0.2174,20.45,467.9,0.5572,292046526.0,467.9,37.0,155.0,3.0,>60 min,0.0412,0.0319,0.5572,0.2602,Not recommended
363,Blankenese,53.546986,9.800472,1800,1.0,0.2174,22.29,234.5,0.7459,91891167.0,234.5,42.0,175.0,4.0,>60 min,0.0421,0.0205,0.7459,0.3375,Optional
364,Bahrenfeld,53.552573,9.898906,3200,1.0,0.4348,18.52,305.3,0.6827,1454704295.0,305.3,25.0,129.0,3.0,>60 min,0.0156,0.0569,0.6827,0.3185,Optional
365,Farmsen-Berne,53.618386,10.143923,3200,1.0,0.3913,13.57,97.2,0.8856,365099128.0,97.2,33.0,189.0,2.0,>60 min,0.0089,0.015,0.8856,0.3892,Optional
366,Barmbek-Nord,53.587223,10.035502,5600,1.0,0.7826,13.5,111.8,0.8695,2758332992.0,111.8,27.0,70.0,2.0,>60 min,0.2034,0.2111,0.8695,0.4934,Recommend Deutschlandticket
367,Harburg,53.45522800000001,9.965678,5200,1.0,0.7826,28.13,728.0,0.4025,5686864206.0,728.0,40.0,159.0,3.0,>60 min,0.051,0.0292,0.4025,0.1945,Not recommended
368,Farmsen-Berne,53.62275699999999,10.134453,3200,1.0,0.3913,12.78,52.2,0.9369,2167620991.0,52.2,31.0,181.0,2.0,>60 min,0.0079,0.0179,0.9369,0.4122,Optional
369,Sternschanze,53.55825,9.957968,7200,0.25,0.8261,16.82,353.3,0.643,1466952723.0,353.3,32.0,75.0,3.0,>60 min,0.2609,0.1889,0.643,0.3989,Optional
370,Poppenbüttel,53.655999,10.082459,2400,1.0,0.2609,7.73,251.5,0.7302,296942952.0,251.5,19.0,61.0,2.0,>60 min,0.1096,0.2578,0.7302,0.4322,Optional
371,Rothenburgsort,53.51869,10.03304,4100,1.0,0.6087,21.05,318.8,0.6714,426577645.0,318.8,50.0,170.0,2.0,>60 min,0.0907,0.0229,0.6714,0.3159,Optional
372,Stellingen,53.58003000000001,9.933706,4100,0.25,0.3913,14.86,112.0,0.8694,334472102.0,112.0,21.0,77.0,4.0,>60 min,0.0695,0.1807,0.8694,0.4556,Recommend Deutschlandticket
373,Hohenfelde,53.567748,10.015196,5800,1.0,0.6522,15.52,441.3,0.5760000000000001,5018581281.0,441.3,33.0,87.0,3.0,>60 min,0.1947,0.1447,0.5760000000000001,0.3405,Optional
374,St. Pauli,53.551352,9.960994,6100,1.0,1.0,17.54,29.8,0.9635,555016358.0,29.8,31.0,72.0,3.0,>60 min,0.2664,0.2019,0.9635,0.5431,Recommend Deutschlandticket
375,Harvestehude,53.590189,9.996734,4500,1.0,0.4783,13.01,421.2,0.5907,5943781956.0,421.2,27.0,59.0,2.0,45–60 min,0.3057,0.2695,0.5907,0.4152,Optional
376,Rotherbaum,53.56074,9.979248,5200,1.0,0.7826,16.35,191.1,0.7875,480422476.0,191.1,31.0,71.0,2.0,>60 min,0.2752,0.2064,0.7875,0.4706,Recommend Deutschlandticket
377,Norderstedt-Mitte,53.70651700000001,9.99682,3800,1.0,0.5217,0.41,15.1,0.9813,333727222.0,15.1,4.0,19.0,0.0,≤30 min,0.0235,0.6556,0.9813,0.6709,Recommend Deutschlandticket
378,Barmbek-Nord,53.591478,10.044398,5600,1.0,0.7826,13.15,59.1,0.9288,6079982759.0,59.1,29.0,56.0,2.0,45–60 min,0.3941,0.2881,0.9288,0.5853,Recommend Deutschlandticket
379,Uhlenhorst,53.582329,10.025938,5200,1.0,0.5652,13.96,247.7,0.7337,7798884956.0,247.7,34.0,72.0,3.0,>60 min,0.327,0.2019,0.7337,0.456,Recommend Deutschlandticket
380,Horn,53.557058,10.064166,4900,1.0,0.3478,17.17,171.1,0.8074,343466158.0,171.1,38.0,83.0,3.0,>60 min,0.306,0.1581,0.8074,0.4673,Recommend Deutschlandticket
381,Dulsberg,53.569611,10.070077,6800,0.25,0.7391,15.92,276.5,0.7078,531410544.0,276.5,37.0,80.0,2.0,>60 min,0.3128,0.169,0.7078,0.4298,Optional
382,Norderstedt-Mitte,53.698317,9.992137,3800,1.0,0.5217,1.2,344.1,0.6504,5321097583.0,344.1,1.0,7.0,0.0,≤30 min,0.0025,0.8559,0.6504,0.5983,Recommend Deutschlandticket
383,Harburg,53.446222,9.985052,5200,1.0,0.7826,29.05,557.1,0.4984,5696843829.0,557.1,43.0,160.0,3.0,>60 min,0.0658,0.0286,0.4984,0.2385,Not recommended
384,Alsterdorf,53.596751,10.00252,3900,1.0,0.3478,12.27,271.7,0.7121,332576439.0,271.7,23.0,59.0,2.0,45–60 min,0.209,0.2695,0.7121,0.4484,Optional
385,Uhlenhorst,53.574884,10.020655,5200,1.0,0.5652,14.75,186.6,0.7919,1448942242.0,186.6,31.0,71.0,3.0,>60 min,0.2752,0.2064,0.7919,0.4725,Recommend Deutschlandticket
386,Norderstedt-Hudtwalcker,53.716661,9.988799,3100,0.25,0.3043,1.43,88.6,0.8952,741280814.0,88.6,7.0,29.0,0.0,≤30 min,0.0432,0.525,0.8952,0.5892,Recommend Deutschlandticket
387,Hamm,53.556386,10.057165,5400,1.0,0.6522,17.14,181.0,0.7975,3020817678.0,181.0,38.0,83.0,3.0,>60 min,0.306,0.1581,0.7975,0.4631,Recommend Deutschlandticket
388,Norderstedt-Mitte,53.715481,9.991114,3800,1.0,0.5217,1.23,170.8,0.8078,1161821063.0,170.8,6.0,23.0,0.0,≤30 min,0.0588,0.5998,0.8078,0.5824,Recommend Deutschlandticket
389,Blankenese,53.54990600000001,9.812859,1800,1.0,0.2174,21.54,515.1,0.5252,1440288157.0,515.1,38.0,161.0,3.0,>60 min,0.0393,0.0279,0.5252,0.2446,Not recommended
390,Bergedorf,53.496532,10.22155,2800,1.0,0.5217,27.53,258.4,0.7240000000000001,5573984559.0,258.4,56.0,182.0,2.0,>60 min,0.1054,0.0175,0.7240000000000001,0.3395,Optional
391,Jenfeld,53.588051,10.119102,4800,1.0,0.5217,15.3,491.3,0.5411,5515175647.0,491.3,40.0,156.0,2.0,>60 min,0.055,0.0312,0.5411,0.2558,Not recommended
392,Blankenese,53.56048199999999,9.808907,1800,1.0,0.2174,20.75,238.2,0.7424,336627141.0,238.2,36.0,154.0,3.0,>60 min,0.0377,0.0326,0.7424,0.3397,Optional
393,Wandsbek,53.564677,10.096632,5900,0.25,0.9565,17.01,842.3,0.3489,339408748.0,842.3,38.0,150.0,3.0,>60 min,0.0525,0.0357,0.3489,0.1741,Not recommended
394,Billstedt,53.53364200000001,10.112516,6200,0.25,0.7826,20.61,245.3,0.7359,3424615410.0,245.3,49.0,150.0,2.0,>60 min,0.1273,0.0357,0.7359,0.3557,Optional
395,Altona-Altstadt,53.55141800000001,9.942181,4200,1.0,0.8696,17.78,217.8,0.7617,5840624552.0,217.8,35.0,78.0,4.0,>60 min,0.2927,0.1767,0.7617,0.4519,Recommend Deutschlandticket
396,Winterhude,53.589937,9.993193,4800,1.0,0.6087,13.05,193.5,0.7851,5943781956.0,193.5,28.0,57.0,2.0,45–60 min,0.355,0.2818,0.7851,0.5133,Recommend Deutschlandticket
397,Langenbek,53.467875,9.940623,3400,1.0,0.3043,26.93,555.9,0.4992,5647199187.0,555.9,35.0,165.0,2.0,>60 min,0.0244,0.0256,0.4992,0.2295,Not recommended
398,Eimsbüttel,53.57131500000001,9.943716,5500,1.0,0.6957,15.6,226.7,0.7532,10142828570.0,226.7,24.0,83.0,4.0,>60 min,0.0856,0.1581,0.7532,0.4003,Optional
399,Winterhude,53.583972,9.988457,4800,1.0,0.6087,13.73,266.5,0.7167,2161074869.0,266.5,30.0,60.0,2.0,45–60 min,0.3679,0.2636,0.7167,0.4796,Recommend Deutschlandticket
400,Winterhude,53.596994,10.005404,4800,1.0,0.6087,12.24,324.5,0.6665,6138886110.0,324.5,24.0,62.0,2.0,>60 min,0.2053,0.2521,0.6665,0.4215,Optional
401,St. Pauli,53.548612,9.970726,6100,1.0,1.0,17.76,169.3,0.8092,552421488.0,169.3,34.0,67.0,3.0,>60 min,0.3789,0.2256,0.8092,0.5076,Recommend Deutschlandticket
402,Sasel,53.650252,10.12436,2700,1.0,0.3043,10.21,653.1,0.442,12468500077.0,653.1,26.0,129.0,3.0,>60 min,0.019,0.0569,0.442,0.2154,Not recommended
403,Harburg,53.449449,9.966025,5200,1.0,0.7826,28.77,34.9,0.9573,344506735.0,34.9,38.0,161.0,3.0,>60 min,0.0393,0.0279,0.9573,0.4309,Optional
404,Othmarschen,53.544151,9.889634,2800,1.0,0.1739,19.62,319.0,0.6712,337609358.0,319.0,27.0,148.0,3.0,>60 min,0.0113,0.0373,0.6712,0.3055,Optional
405,Norderstedt-Am Waldrand,53.736803,10.010175,1800,0.0,0.0435,3.35,606.9,0.4683,4364990788.0,606.9,11.0,49.0,1.0,45–60 min,0.0316,0.3366,0.4683,0.333,Optional
406,Allermöhe,53.496398,10.153096,3500,1.0,0.3913,25.46,2742.3,0.0325,4182043139.0,2742.3,51.0,213.0,3.0,>60 min,0.0417,0.0088,0.0325,0.0255,Not recommended
407,Eimsbüttel,53.57703100000001,9.966834,5500,1.0,0.6957,14.66,256.4,0.7258,5688077621.0,256.4,33.0,68.0,3.0,>60 min,0.3462,0.2207,0.7258,0.4633,Recommend Deutschlandticket
408,Bergedorf,53.497535,10.206046,2800,1.0,0.5217,26.91,293.2,0.6932,6258791191.0,293.2,52.0,173.0,2.0,>60 min,0.0976,0.0214,0.6932,0.3261,Optional
409,Othmarschen,53.552869,9.894129,2800,1.0,0.1739,18.61,41.6,0.9493,3378384295.0,41.6,25.0,129.0,3.0,>60 min,0.0156,0.0569,0.9493,0.4335,Optional
410,Norderstedt-Am Waldrand,53.719556,10.012923,1800,0.0,0.0435,1.54,286.4,0.6991,324345360.0,286.4,7.0,30.0,1.0,≤30 min,0.0374,0.5134,0.6991,0.4992,Recommend Deutschlandticket
411,Farmsen-Berne,53.62027,10.134212,3200,1.0,0.3913,12.98,243.5,0.7376,2167620997.0,243.5,32.0,97.0,2.0,>60 min,0.1312,0.1158,0.7376,0.387,Optional
412,Rahlstedt,53.601927,10.150074,3600,1.0,0.6522,15.21,368.7,0.6307,5763958677.0,368.7,37.0,160.0,2.0,>60 min,0.036,0.0286,0.6307,0.2897,Not recommended
413,Groß Flottbek,53.565436,9.90307,2100,1.0,0.087,17.09,169.2,0.8094,442779317.0,169.2,22.0,94.0,4.0,>60 min,0.0379,0.1238,0.8094,0.4024,Optional
414,Poppenbüttel,53.651551,10.087297,2400,1.0,0.2609,8.31,407.2,0.6011,357578813.0,407.2,20.0,66.0,2.0,>60 min,0.1003,0.2307,0.6011,0.3646,Optional
415,Altona-Nord,53.554088,9.953973,6800,0.25,0.913,17.33,102.1,0.8801,6343048663.0,102.1,29.0,77.0,4.0,>60 min,0.1911,0.1807,0.8801,0.4843,Recommend Deutschlandticket
416,Niendorf,53.619285,9.947658,3200,1.0,0.3478,10.43,461.2,0.5619,1049123715.0,461.2,19.0,63.0,2.0,>60 min,0.0987,0.2466,0.5619,0.3533,Optional
417,Rotherbaum,53.569263,9.982508,5200,1.0,0.7826,15.39,353.2,0.643,2357141316.0,353.2,34.0,68.0,2.0,>60 min,0.3679,0.2207,0.643,0.4319,Optional
418,Harburg,53.459607,9.980417999999998,5200,1.0,0.7826,27.57,123.5,0.8569,289398646.0,123.5,41.0,143.0,2.0,>60 min,0.0831,0.0417,0.8569,0.4014,Optional
419,Hoheluft-Ost,53.589602,9.976202,5800,0.25,0.6087,13.19,52.6,0.9364,993991364.0,52.6,28.0,66.0,5.0,>60 min,0.2574,0.2307,0.9364,0.5403,Recommend Deutschlandticket
420,Sasel,53.64835,10.113063,2700,1.0,0.3043,9.77,309.8,0.6789,12468500077.0,309.8,25.0,129.0,3.0,>60 min,0.0156,0.0569,0.6789,0.3169,Optional
421,Rahlstedt,53.605105,10.143299,3600,1.0,0.6522,14.65,281.4,0.7035,9399668441.0,281.4,36.0,169.0,2.0,>60 min,0.0249,0.0234,0.7035,0.3169,Optional
422,Altona-Nord,53.557791,9.945486,6800,0.25,0.913,17.04,234.6,0.7458,332242053.0,234.6,29.0,75.0,4.0,>60 min,0.2047,0.1889,0.7458,0.4321,Optional
423,Altona-Altstadt,53.558352,9.925258,4200,1.0,0.8696,17.33,244.1,0.7371,5496142230.0,244.1,26.0,93.0,4.0,>60 min,0.076,0.1266,0.7371,0.3798,Optional
424,Ottensen,53.55638199999999,9.92248,7500,1.0,0.8261,17.59,57.5,0.9306,5901964557.0,57.5,26.0,96.0,4.0,>60 min,0.0677,0.1184,0.9306,0.4586,Recommend Deutschlandticket
425,Marienthal,53.569077,10.086585,5100,1.0,0.4783,16.32,15.2,0.9812,339409355.0,15.2,36.0,85.0,3.0,>60 min,0.2564,0.1512,0.9812,0.5299,Recommend Deutschlandticket
426,Heimfeld,53.460789,9.947283,3800,1.0,0.4348,27.65,260.4,0.7221,344461086.0,260.4,36.0,160.0,3.0,>60 min,0.0319,0.0286,0.7221,0.3283,Optional
427,Niendorf,53.627902,9.953616,3200,1.0,0.3478,9.39,345.6,0.6492,4256179992.0,345.6,19.0,63.0,2.0,>60 min,0.0987,0.2466,0.6492,0.3909,Optional
428,Bergedorf,53.487275,10.208092,2800,1.0,0.5217,27.97,196.3,0.7824,869119985.0,196.3,54.0,173.0,2.0,>60 min,0.1104,0.0214,0.7824,0.3671,Optional
429,Ottensen,53.56108100000001,9.930604,7500,1.0,0.8261,16.93,360.4,0.6373,2356512250.0,360.4,26.0,89.0,4.0,>60 min,0.0886,0.1384,0.6373,0.3436,Optional
430,Heimfeld,53.468408,9.952097,3800,1.0,0.4348,26.77,372.6,0.6277,63353504.0,372.6,34.0,160.0,2.0,>60 min,0.0246,0.0286,0.6277,0.2861,Not recommended
431,Norderstedt-Mitte,53.712547,10.008801,3800,1.0,0.5217,0.73,188.7,0.7899,333727217.0,188.7,6.0,28.0,0.0,≤30 min,0.0256,0.5368,0.7899,0.5447,Recommend Deutschlandticket
432,Harburg,53.459678,9.981791,5200,1.0,0.7826,27.56,183.0,0.7955,289398646.0,183.0,42.0,142.0,2.0,>60 min,0.0925,0.0426,0.7955,0.3771,Optional
433,Billbrook,53.547695,10.055511,3800,0.25,0.5652,18.07,150.3,0.8287,5841478671.0,150.3,42.0,151.0,2.0,>60 min,0.0746,0.0349,0.8287,0.385,Optional
434,Bergedorf,53.49515400000001,10.223774,2800,1.0,0.5217,27.74,250.9,0.7308,5573984559.0,250.9,58.0,185.0,2.0,>60 min,0.112,0.0164,0.7308,0.3433,Optional
435,Altona-Nord,53.55290600000001,9.935397,6800,0.25,0.913,17.72,18.3,0.9773,1686600808.0,18.3,32.0,71.0,4.0,>60 min,0.2956,0.2064,0.9773,0.5565,Recommend Deutschlandticket
436,Hoheluft-Ost,53.56655500000001,9.975846,5800,0.25,0.6087,15.73,166.6,0.8121,8297339260.0,166.6,30.0,66.0,3.0,>60 min,0.3012,0.2307,0.8121,0.4953,Recommend Deutschlandticket
437,Rotherbaum,53.562051,9.996501,5200,1.0,0.7826,16.14,392.5,0.6123,417987489.0,392.5,36.0,72.0,2.0,>60 min,0.3679,0.2019,0.6123,0.4117,Optional
438,Langenhorn,53.657302,10.005264,3100,1.0,0.3043,5.53,98.0,0.8848,338974148.0,98.0,11.0,39.0,1.0,30–45 min,0.0784,0.4204,0.8848,0.5529,Recommend Deutschlandticket
439,Horn,53.553659,10.072471,4900,1.0,0.3478,17.67,277.5,0.7069,343469346.0,277.5,44.0,87.0,3.0,>60 min,0.3763,0.1447,0.7069,0.4329,Optional
440,Jenfeld,53.579944,10.12761,4800,1.0,0.5217,16.37,121.9,0.8586,2171215479.0,121.9,42.0,157.0,2.0,>60 min,0.0647,0.0305,0.8586,0.3943,Optional
441,Bergedorf,53.490443000000006,10.212819,2800,1.0,0.5217,27.82,111.7,0.8697,2903248594.0,111.7,55.0,175.0,2.0,>60 min,0.1128,0.0205,0.8697,0.4049,Optional
442,Harvestehude,53.581223,10.000449,4500,1.0,0.4783,14.0,201.3,0.7775,281923844.0,201.3,30.0,71.0,2.0,>60 min,0.255,0.2064,0.7775,0.4623,Recommend Deutschlandticket
443,Horn,53.555053,10.067722,4900,1.0,0.3478,17.45,357.2,0.6398,3201491850.0,357.2,39.0,85.0,3.0,>60 min,0.3074,0.1512,0.6398,0.3928,Optional
444,Eppendorf,53.583147,9.982459,6200,1.0,0.8261,13.85,137.5,0.8421,6150072595.0,137.5,29.0,61.0,3.0,>60 min,0.3317,0.2578,0.8421,0.5244,Recommend Deutschlandticket
445,Stellingen,53.596429,9.916909,4100,0.25,0.3913,13.56,495.1,0.5386,1617465791.0,495.1,24.0,90.0,4.0,>60 min,0.0639,0.1353,0.5386,0.2951,Not recommended
446,Hamm,53.55891800000001,10.051147,5400,1.0,0.6522,16.79,249.0,0.7326,10782001405.0,249.0,38.0,83.0,2.0,>60 min,0.306,0.1581,0.7326,0.4351,Optional
447,Norderstedt-Friedrichsgabe,53.688374,9.978846,2200,1.0,0.1304,2.62,598.2,0.4734,4364655378.0,598.2,3.0,23.0,0.0,≤30 min,0.0013,0.5998,0.4734,0.4268,Optional
448,Marienthal,53.567145,10.101084,5100,1.0,0.4783,16.86,483.0,0.5468,339408753.0,483.0,38.0,91.0,3.0,>60 min,0.2479,0.1324,0.5468,0.3339,Optional
449,Ottensen,53.54485,9.919675,7500,1.0,0.8261,18.87,222.5,0.7572,335964477.0,222.5,35.0,132.0,3.0,>60 min,0.0626,0.0532,0.7572,0.3586,Optional
450,Marienthal,53.558528,10.087458,5100,1.0,0.4783,17.44,623.6,0.4586,6128819451.0,623.6,39.0,94.0,3.0,>60 min,0.2441,0.1238,0.4586,0.292,Not recommended
451,Altona-Nord,53.554227,9.944242,6800,0.25,0.913,17.44,255.6,0.7265,2507004319.0,255.6,31.0,86.0,3.0,>60 min,0.1696,0.1479,0.7265,0.4017,Optional
452,Volksdorf,53.64755600000001,10.174084,2100,1.0,0.1304,13.1,193.5,0.7851,1719323591.0,193.5,33.0,137.0,3.0,>60 min,0.0428,0.0476,0.7851,0.3646,Optional
453,Hamm,53.55166,10.066024,5400,1.0,0.6522,17.78,371.9,0.6282,343469344.0,371.9,41.0,87.0,3.0,>60 min,0.3256,0.1447,0.6282,0.389,Optional
454,Eppendorf,53.582657,9.984892,6200,1.0,0.8261,13.89,144.3,0.835,335408251.0,144.3,29.0,58.0,3.0,45–60 min,0.3679,0.2756,0.835,0.5351,Recommend Deutschlandticket
455,Groß Flottbek,53.572075,9.889058,2100,1.0,0.087,16.8,316.4,0.6734,336206105.0,316.4,25.0,95.0,4.0,>60 min,0.0608,0.1211,0.6734,0.3473,Optional
456,Eppendorf,53.601041,9.991355,6200,1.0,0.8261,11.82,194.5,0.7842,1573885549.0,194.5,25.0,56.0,2.0,45–60 min,0.2894,0.2881,0.7842,0.5023,Recommend Deutschlandticket
457,Norderstedt-Friedrichsgabe,53.70963,9.994639,2200,1.0,0.1304,0.62,315.8,0.6739,4269545582.0,315.8,5.0,14.0,0.0,≤30 min,0.1653,0.7326,0.6739,0.595,Recommend Deutschlandticket
458,Winterhude,53.602872,10.011577,4800,1.0,0.6087,11.6,256.7,0.7255,11019653761.0,256.7,23.0,56.0,2.0,45–60 min,0.2382,0.2881,0.7255,0.4668,Recommend Deutschlandticket
459,Harburg,53.449307,9.964724,5200,1.0,0.7826,28.79,109.6,0.872,344506738.0,109.6,39.0,161.0,3.0,>60 min,0.0438,0.0279,0.872,0.395,Optional
460,Jenfeld,53.57927,10.120307,4800,1.0,0.5217,16.2,211.2,0.768,357348716.0,211.2,42.0,154.0,3.0,>60 min,0.0695,0.0326,0.768,0.357,Optional
461,Bramfeld,53.616299,10.075327,4200,1.0,0.4348,11.17,426.2,0.5870000000000001,5763633037.0,426.2,30.0,93.0,3.0,>60 min,0.1225,0.1266,0.5870000000000001,0.3243,Optional
462,Rotherbaum,53.566017,9.987802,5200,1.0,0.7826,15.72,89.4,0.8942,11407458184.0,89.4,34.0,69.0,2.0,>60 min,0.3572,0.2158,0.8942,0.5363,Recommend Deutschlandticket
463,Norderstedt-Mitte,53.701078,9.994967,3800,1.0,0.5217,0.85,415.4,0.5949,458783866.0,415.4,5.0,18.0,0.0,≤30 min,0.0743,0.6703,0.5949,0.5198,Recommend Deutschlandticket
464,St. Pauli,53.561446,9.956847,6100,1.0,1.0,16.49,85.0,0.8992,5738588396.0,85.0,29.0,76.0,3.0,>60 min,0.1978,0.1847,0.8992,0.4954,Recommend Deutschlandticket
465,Wandsbek,53.573643,10.087021,5900,0.25,0.9565,15.85,72.8,0.9129999999999999,357348759.0,72.8,37.0,90.0,3.0,>60 min,0.2387,0.1353,0.9129999999999999,0.4911,Recommend Deutschlandticket
466,Billbrook,53.53491,10.060105,3800,0.25,0.5652,19.52,357.6,0.6395,6341302858.0,357.6,46.0,149.0,2.0,>60 min,0.1066,0.0365,0.6395,0.3104,Optional
467,Rahlstedt,53.60424,10.152717,3600,1.0,0.6522,15.13,87.3,0.8966,1468319468.0,87.3,37.0,158.0,2.0,>60 min,0.038,0.0299,0.8966,0.4052,Optional
468,Norderstedt-Mitte,53.699964,10.009536,3800,1.0,0.5217,0.89,338.9,0.6547,5321032848.0,338.9,6.0,28.0,0.0,≤30 min,0.0256,0.5368,0.6547,0.4864,Recommend Deutschlandticket
469,Harvestehude,53.57289599999999,10.000597,4500,1.0,0.4783,14.93,197.9,0.7808,281923827.0,197.9,34.0,71.0,2.0,>60 min,0.3368,0.2064,0.7808,0.4799,Recommend Deutschlandticket
470,Ohlsdorf,53.608409,10.039507,2800,1.0,0.2174,11.24,161.7,0.8170000000000001,2788916324.0,161.7,22.0,52.0,2.0,45–60 min,0.2557,0.3149,0.8170000000000001,0.5197,Recommend Deutschlandticket
471,Barmbek-Süd,53.590315,10.034349,6400,0.25,0.8696,13.15,116.9,0.8640000000000001,11266617045.0,116.9,25.0,67.0,2.0,>60 min,0.1864,0.2256,0.8640000000000001,0.4931,Recommend Deutschlandticket
472,Alsterdorf,53.605926,10.002308,3900,1.0,0.3478,11.25,175.8,0.8027,286523852.0,175.8,24.0,60.0,2.0,45–60 min,0.2231,0.2636,0.8027,0.488,Recommend Deutschlandticket
473,Blankenese,53.551886,9.808797,1800,1.0,0.2174,21.52,459.5,0.563,91891167.0,459.5,44.0,164.0,3.0,>60 min,0.0654,0.0261,0.563,0.2654,Not recommended
474,Rotherbaum,53.573432,9.990046,5200,1.0,0.7826,14.89,277.4,0.7070000000000001,8223839478.0,277.4,33.0,59.0,2.0,45–60 min,0.4548,0.2695,0.7070000000000001,0.4948,Recommend Deutschlandticket
475,Eimsbüttel,53.571144,9.96399,5500,1.0,0.6957,15.34,238.9,0.7418,6112730485.0,238.9,28.0,67.0,3.0,>60 min,0.2484,0.2256,0.7418,0.4527,Recommend Deutschlandticket
476,St. Pauli,53.546962,9.96574,6100,1.0,1.0,17.98,237.9,0.7428,5856138157.0,237.9,35.0,70.0,3.0,>60 min,0.3679,0.2111,0.7428,0.4714,Recommend Deutschlandticket
477,Barmbek-Nord,53.58987,10.033875,5600,1.0,0.7826,13.2,224.5,0.7553,11266617045.0,224.5,26.0,69.0,2.0,>60 min,0.1913,0.2158,0.7553,0.4436,Optional
478,Marienthal,53.567312,10.10556,5100,1.0,0.4783,16.96,149.8,0.8293,1652155402.0,149.8,41.0,94.0,3.0,>60 min,0.2745,0.1238,0.8293,0.4578,Recommend Deutschlandticket
479,Jenfeld,53.578424,10.131657,4800,1.0,0.5217,16.65,258.8,0.7236,2171215484.0,258.8,42.0,153.0,3.0,>60 min,0.0712,0.0334,0.7236,0.3385,Optional
480,Barmbek-Süd,53.582714,10.039775,6400,0.25,0.8696,14.05,75.1,0.9104,11360043927.0,75.1,28.0,70.0,2.0,>60 min,0.2231,0.2111,0.9104,0.515,Recommend Deutschlandticket
481,Barmbek-Süd,53.58043000000001,10.040878,6400,0.25,0.8696,14.31,50.1,0.9393,417016468.0,50.1,28.0,71.0,3.0,>60 min,0.2153,0.2064,0.9393,0.5242,Recommend Deutschlandticket
482,Lokstedt,53.589016,9.946162,4800,1.0,0.4348,13.66,295.8,0.6909,5688077634.0,295.8,23.0,85.0,4.0,>60 min,0.0675,0.1512,0.6909,0.3673,Optional
483,Wandsbek,53.56756899999999,10.095854,5900,0.25,0.9565,16.69,441.0,0.5762,339408753.0,441.0,37.0,92.0,3.0,>60 min,0.2262,0.1295,0.5762,0.3412,Optional
484,St. Pauli,53.544926,9.975877,6100,1.0,1.0,18.13,90.0,0.8936,9460477322.0,90.0,37.0,72.0,3.0,>60 min,0.3883,0.2019,0.8936,0.537,Recommend Deutschlandticket
485,Altona-Nord,53.552985,9.946306,6800,0.25,0.913,17.55,165.3,0.8133,286725372.0,165.3,31.0,76.0,4.0,>60 min,0.2342,0.1847,0.8133,0.4655,Recommend Deutschlandticket
486,Barmbek-Nord,53.586721,10.034076,5600,1.0,0.7826,13.54,112.9,0.8684,271784863.0,112.9,27.0,72.0,3.0,>60 min,0.1889,0.2019,0.8684,0.4867,Recommend Deutschlandticket
487,Alsterdorf,53.618004000000006,10.000855,3900,1.0,0.3478,9.91,108.5,0.8732,335886946.0,108.5,20.0,76.0,3.0,>60 min,0.0608,0.1847,0.8732,0.457,Recommend Deutschlandticket
488,Lokstedt,53.600595,9.950717,4800,1.0,0.4348,12.34,229.1,0.7509999999999999,5943781950.0,229.1,25.0,80.0,4.0,>60 min,0.1108,0.169,0.7509999999999999,0.4084,Optional
489,Bramfeld,53.605611,10.08416,4200,1.0,0.4348,12.5,321.2,0.6693,6214805337.0,321.2,33.0,73.0,3.0,>60 min,0.2976,0.1975,0.6693,0.4207,Optional
490,Bramfeld,53.600494,10.085765,4200,1.0,0.4348,13.06,391.4,0.6131,343482174.0,391.4,33.0,183.0,2.0,>60 min,0.0106,0.0171,0.6131,0.2728,Not recommended
491,Billbrook,53.545639,10.076726,3800,0.25,0.5652,18.61,681.8,0.4265,2368696396.0,681.8,41.0,149.0,2.0,>60 min,0.0718,0.0365,0.4265,0.2116,Not recommended
492,Rahlstedt,53.59725,10.160799,3600,1.0,0.6522,16.06,113.3,0.8679,357348624.0,113.3,40.0,161.0,2.0,>60 min,0.0486,0.0279,0.8679,0.3942,Optional
493,Rahlstedt,53.608096,10.146669,3600,1.0,0.6522,14.54,135.2,0.8445,8895119605.0,135.2,36.0,170.0,2.0,>60 min,0.0242,0.0229,0.8445,0.3774,Optional
494,St. Pauli,53.542203,9.961193,6100,1.0,1.0,18.55,316.6,0.6731,430089643.0,316.6,40.0,87.0,3.0,>60 min,0.3088,0.1447,0.6731,0.405,Optional
495,Harburg,53.46506700000001,9.971218,5200,1.0,0.7826,27.01,162.0,0.8166,5620212218.0,162.0,36.0,150.0,2.0,>60 min,0.0421,0.0357,0.8166,0.3737,Optional
496,Dulsberg,53.58402,10.067945,6800,0.25,0.7391,14.35,118.6,0.8622,253659938.0,118.6,31.0,76.0,3.0,>60 min,0.2342,0.1847,0.8622,0.4866,Recommend Deutschlandticket
497,Barmbek-Nord,53.591087,10.047047,5600,1.0,0.7826,13.23,68.7,0.9177,5763633006.0,68.7,31.0,59.0,2.0,45–60 min,0.4053,0.2695,0.9177,0.5759,Recommend Deutschlandticket
498,Jenfeld,53.576512,10.135171,4800,1.0,0.5217,16.95,48.4,0.9413,24784569.0,48.4,43.0,148.0,3.0,>60 min,0.087,0.0373,0.9413,0.4369,Optional
499,Hohenfelde,53.55605500000001,10.018336,5800,1.0,0.6522,16.83,27.7,0.966,3021113861.0,27.7,37.0,70.0,2.0,>60 min,0.4099,0.2111,0.966,0.5759,Recommend Deutschlandticket
500,Ohlsdorf,53.612742,10.041841,2800,1.0,0.2174,10.8,251.9,0.7299,336264979.0,251.9,26.0,55.0,2.0,45–60 min,0.3278,0.2946,0.7299,0.4888,Recommend Deutschlandticket
